plane_id,Aircraft_ID,Registration,Type,Operator,Date,Start_Time,End_Time,Duration_Min,Start_Lat,Start_Lon,End_Lat,End_Lon,Status,HEX kód,Lajstromjel,Típus,Kategória,Gyártási év,Kötődés,Magyar kötődés kezdete,Magyar kötődés vége,Újonnani érték,Üzemeltetési költség/óra,Cikk(ek),Cikkek,price_of_flight
440214,440214,,,,2024-06-27,00:23:34,11:59:32,6456.0,45.47493,-73.727809,45.482483,-73.728267,Landed,440214,OE-HOZ,Bombardier BD-100-1A-10 Challenger 3500,felső-középkategóriás business jet,2024,Mészáros Lőrinc,2024. 07. 10.,-,"9,6 milliárd Ft",6970,1,,749972.0
440214,440214,,,,2024-07-01,12:08:15,12:13:26,5.2,45.475021,-73.746839,45.775793,-73.44005,Landed,440214,OE-HOZ,Bombardier BD-100-1A-10 Challenger 3500,felső-középkategóriás business jet,2024,Mészáros Lőrinc,2024. 07. 10.,-,"9,6 milliárd Ft",6970,1,,604.0666666666667
440214,440214,,,,2024-07-01,12:13:27,12:15:36,2.2,45.776184,-73.439718,45.944355,-73.276296,Landed,440214,OE-HOZ,Bombardier BD-100-1A-10 Challenger 3500,felső-középkategóriás business jet,2024,Mészáros Lőrinc,2024. 07. 10.,-,"9,6 milliárd Ft",6970,1,,255.56666666666666
440214,440214,,,,2024-07-01,12:15:37,12:17:06,1.5,45.94501,-73.275581,46.04831,-73.122408,Landed,440214,OE-HOZ,Bombardier BD-100-1A-10 Challenger 3500,felső-középkategóriás business jet,2024,Mészáros Lőrinc,2024. 07. 10.,-,"9,6 milliárd Ft",6970,1,,174.25
440214,440214,,,,2024-07-01,12:17:07,12:19:51,2.7,46.048543,-73.122047,46.229526,-72.795341,Landed,440214,OE-HOZ,Bombardier BD-100-1A-10 Challenger 3500,felső-középkategóriás business jet,2024,Mészáros Lőrinc,2024. 07. 10.,-,"9,6 milliárd Ft",6970,1,,313.65000000000003
440214,440214,,,,2024-07-01,12:19:52,12:49:16,29.4,46.229724,-72.794861,48.139134,-67.645886,Landed,440214,OE-HOZ,Bombardier BD-100-1A-10 Challenger 3500,felső-középkategóriás business jet,2024,Mészáros Lőrinc,2024. 07. 10.,-,"9,6 milliárd Ft",6970,1,,3415.2999999999997
440214,440214,,,,2024-07-01,12:49:17,12:50:07,0.8,48.139669,-67.643949,48.185863,-67.483714,Landed,440214,OE-HOZ,Bombardier BD-100-1A-10 Challenger 3500,felső-középkategóriás business jet,2024,Mészáros Lőrinc,2024. 07. 10.,-,"9,6 milliárd Ft",6970,1,,92.93333333333334
440214,440214,,,,2024-07-01,12:50:07,19:39:37,409.5,48.186218,-67.482464,48.111819,16.567136,Landed,440214,OE-HOZ,Bombardier BD-100-1A-10 Challenger 3500,felső-középkategóriás business jet,2024,Mészáros Lőrinc,2024. 07. 10.,-,"9,6 milliárd Ft",6970,1,,47570.25
440214,440214,,,,2024-07-09,11:03:37,11:21:15,17.6,48.120815,16.539565,48.118458,16.546783,Landed,440214,OE-HOZ,Bombardier BD-100-1A-10 Challenger 3500,felső-középkategóriás business jet,2024,Mészáros Lőrinc,2024. 07. 10.,-,"9,6 milliárd Ft",6970,1,,2044.5333333333333
440214,440214,,,,2024-07-10,15:58:35,16:25:04,26.5,48.106476,16.583794,47.442235,19.23125,Landed,440214,OE-HOZ,Bombardier BD-100-1A-10 Challenger 3500,felső-középkategóriás business jet,2024,Mészáros Lőrinc,2024. 07. 10.,-,"9,6 milliárd Ft",6970,1,,3078.4166666666665
440214,440214,,,,2024-07-12,17:09:51,08:23:02,913.2,47.445203,19.226497,39.541878,2.725998,Landed,440214,OE-HOZ,Bombardier BD-100-1A-10 Challenger 3500,felső-középkategóriás business jet,2024,Mészáros Lőrinc,2024. 07. 10.,-,"9,6 milliárd Ft",6970,1,,106083.40000000001
440214,440214,,,,2024-07-13,08:32:21,10:26:21,114.0,39.549042,2.748075,47.436848,19.239944,Landed,440214,OE-HOZ,Bombardier BD-100-1A-10 Challenger 3500,felső-középkategóriás business jet,2024,Mészáros Lőrinc,2024. 07. 10.,-,"9,6 milliárd Ft",6970,1,,13243.0
440214,440214,,,,2024-07-21,07:12:18,08:55:38,103.3,47.433472,19.245371,43.547527,6.950944,Landed,440214,OE-HOZ,Bombardier BD-100-1A-10 Challenger 3500,felső-középkategóriás business jet,2024,Mészáros Lőrinc,2024. 07. 10.,-,"9,6 milliárd Ft",6970,1,,12000.016666666666
440214,440214,,,,2024-07-21,10:52:17,12:17:09,84.9,43.550491,6.950449,47.435543,19.242043,Landed,440214,OE-HOZ,Bombardier BD-100-1A-10 Challenger 3500,felső-középkategóriás business jet,2024,Mészáros Lőrinc,2024. 07. 10.,-,"9,6 milliárd Ft",6970,1,,9862.550000000001
440214,440214,,,,2024-08-03,08:11:36,09:29:48,78.2,47.432648,19.246742,44.4128,8.838166,Landed,440214,OE-HOZ,Bombardier BD-100-1A-10 Challenger 3500,felső-középkategóriás business jet,2024,Mészáros Lőrinc,2024. 07. 10.,-,"9,6 milliárd Ft",6970,1,,9084.233333333334
440214,440214,,,,2024-08-03,12:06:30,13:19:11,72.7,44.411674,8.843391,47.427429,19.286654,Landed,440214,OE-HOZ,Bombardier BD-100-1A-10 Challenger 3500,felső-középkategóriás business jet,2024,Mészáros Lőrinc,2024. 07. 10.,-,"9,6 milliárd Ft",6970,1,,8445.316666666668
440214,440214,,,,2024-08-07,07:04:43,08:45:35,100.9,47.442782,19.23037,43.550782,6.950357,Landed,440214,OE-HOZ,Bombardier BD-100-1A-10 Challenger 3500,felső-középkategóriás business jet,2024,Mészáros Lőrinc,2024. 07. 10.,-,"9,6 milliárd Ft",6970,1,,11721.216666666667
440214,440214,,,,2024-08-07,10:53:47,12:09:24,75.6,43.545708,6.951272,48.118423,16.546938,Landed,440214,OE-HOZ,Bombardier BD-100-1A-10 Challenger 3500,felső-középkategóriás business jet,2024,Mészáros Lőrinc,2024. 07. 10.,-,"9,6 milliárd Ft",6970,1,,8782.2
440214,440214,,,,2024-08-10,13:31:57,14:55:52,83.9,48.111969,16.566765,43.558603,6.948918,Landed,440214,OE-HOZ,Bombardier BD-100-1A-10 Challenger 3500,felső-középkategóriás business jet,2024,Mészáros Lőrinc,2024. 07. 10.,-,"9,6 milliárd Ft",6970,1,,9746.383333333333
440214,440214,,,,2024-08-10,17:44:50,19:13:30,88.7,43.541984,6.952057,47.43639,19.2407,Landed,440214,OE-HOZ,Bombardier BD-100-1A-10 Challenger 3500,felső-középkategóriás business jet,2024,Mészáros Lőrinc,2024. 07. 10.,-,"9,6 milliárd Ft",6970,1,,10303.983333333334
440214,440214,,,,2024-08-21,06:58:38,08:39:39,101.0,47.433472,19.245441,43.547721,6.950912,Landed,440214,OE-HOZ,Bombardier BD-100-1A-10 Challenger 3500,felső-középkategóriás business jet,2024,Mészáros Lőrinc,2024. 07. 10.,-,"9,6 milliárd Ft",6970,1,,11732.833333333334
440214,440214,,,,2024-08-21,09:40:49,11:04:48,84.0,43.54985,6.950513,47.428276,19.28528,Landed,440214,OE-HOZ,Bombardier BD-100-1A-10 Challenger 3500,felső-középkategóriás business jet,2024,Mészáros Lőrinc,2024. 07. 10.,-,"9,6 milliárd Ft",6970,1,,9758.0
440214,440214,,,,2024-08-21,12:49:09,14:28:27,99.3,47.432877,19.246399,43.658993,7.21393,Landed,440214,OE-HOZ,Bombardier BD-100-1A-10 Challenger 3500,felső-középkategóriás business jet,2024,Mészáros Lőrinc,2024. 07. 10.,-,"9,6 milliárd Ft",6970,1,,11535.35
440214,440214,,,,2024-08-22,13:34:35,22:20:30,525.9,43.653671,7.212013,44.536037,11.277231,Landed,440214,OE-HOZ,Bombardier BD-100-1A-10 Challenger 3500,felső-középkategóriás business jet,2024,Mészáros Lőrinc,2024. 07. 10.,-,"9,6 milliárd Ft",6970,1,,61092.04999999999
440214,440214,,,,2024-08-22,22:32:56,23:17:00,44.1,44.535233,11.289171,43.656097,7.209969,Landed,440214,OE-HOZ,Bombardier BD-100-1A-10 Challenger 3500,felső-középkategóriás business jet,2024,Mészáros Lőrinc,2024. 07. 10.,-,"9,6 milliárd Ft",6970,1,,5122.95
440214,440214,,,,2024-08-25,09:51:33,11:12:33,81.0,43.656097,7.215335,47.442055,19.23155,Landed,440214,OE-HOZ,Bombardier BD-100-1A-10 Challenger 3500,felső-középkategóriás business jet,2024,Mészáros Lőrinc,2024. 07. 10.,-,"9,6 milliárd Ft",6970,1,,9409.5
440214,440214,,,,2024-08-25,13:18:25,14:02:15,43.8,47.43425,19.244202,47.429775,19.282843,Landed,440214,OE-HOZ,Bombardier BD-100-1A-10 Challenger 3500,felső-középkategóriás business jet,2024,Mészáros Lőrinc,2024. 07. 10.,-,"9,6 milliárd Ft",6970,1,,5088.099999999999
440214,440214,,,,2024-08-25,14:39:08,15:25:08,46.0,47.433518,19.245371,47.428491,19.28502,Landed,440214,OE-HOZ,Bombardier BD-100-1A-10 Challenger 3500,felső-középkategóriás business jet,2024,Mészáros Lőrinc,2024. 07. 10.,-,"9,6 milliárd Ft",6970,1,,5343.666666666667
440214,440214,,,,2024-08-30,05:49:38,14:23:42,514.1,47.433239,19.245793,47.442467,19.230864,Landed,440214,OE-HOZ,Bombardier BD-100-1A-10 Challenger 3500,felső-középkategóriás business jet,2024,Mészáros Lőrinc,2024. 07. 10.,-,"9,6 milliárd Ft",6970,1,,59721.28333333333
440214,440214,,,,2024-09-11,12:20:47,14:11:00,110.2,47.432913,19.246286,43.546143,6.951184,Landed,440214,OE-HOZ,Bombardier BD-100-1A-10 Challenger 3500,felső-középkategóriás business jet,2024,Mészáros Lőrinc,2024. 07. 10.,-,"9,6 milliárd Ft",6970,1,,12801.566666666668
440214,440214,,,,2024-09-13,09:10:55,10:37:08,86.2,43.5504,6.950449,47.442538,19.230757,Landed,440214,OE-HOZ,Bombardier BD-100-1A-10 Challenger 3500,felső-középkategóriás business jet,2024,Mészáros Lőrinc,2024. 07. 10.,-,"9,6 milliárd Ft",6970,1,,10013.566666666668
440214,440214,,,,2024-09-24,07:23:30,09:26:27,122.9,47.442596,19.230652,51.3311,0.032532,Landed,440214,OE-HOZ,Bombardier BD-100-1A-10 Challenger 3500,felső-középkategóriás business jet,2024,Mészáros Lőrinc,2024. 07. 10.,-,"9,6 milliárd Ft",6970,1,,14276.883333333333
440214,440214,,,,2024-09-24,18:22:22,20:09:28,107.1,51.327484,0.029767,47.443485,19.229267,Landed,440214,OE-HOZ,Bombardier BD-100-1A-10 Challenger 3500,felső-középkategóriás business jet,2024,Mészáros Lőrinc,2024. 07. 10.,-,"9,6 milliárd Ft",6970,1,,12441.449999999999
440214,440214,,,,2024-09-30,16:12:02,16:57:19,45.3,47.433798,19.244878,47.434798,19.24324,Landed,440214,OE-HOZ,Bombardier BD-100-1A-10 Challenger 3500,felső-középkategóriás business jet,2024,Mészáros Lőrinc,2024. 07. 10.,-,"9,6 milliárd Ft",6970,1,,5262.35
440214,440214,,,,2024-10-03,08:27:07,13:35:47,4628.7,47.432029,19.279175,47.4363,19.240846,Landed,440214,OE-HOZ,Bombardier BD-100-1A-10 Challenger 3500,felső-középkategóriás business jet,2024,Mészáros Lőrinc,2024. 07. 10.,-,"9,6 milliárd Ft",6970,1,,537700.65
440214,440214,,,,2024-10-14,07:51:39,10:06:54,135.3,47.433517,19.245369,51.331558,0.032921,Landed,440214,OE-HOZ,Bombardier BD-100-1A-10 Challenger 3500,felső-középkategóriás business jet,2024,Mészáros Lőrinc,2024. 07. 10.,-,"9,6 milliárd Ft",6970,1,,15717.350000000002
440214,440214,,,,2024-10-14,15:11:04,17:01:17,110.2,51.327706,0.029984,47.437638,19.238628,Landed,440214,OE-HOZ,Bombardier BD-100-1A-10 Challenger 3500,felső-középkategóriás business jet,2024,Mészáros Lőrinc,2024. 07. 10.,-,"9,6 milliárd Ft",6970,1,,12801.566666666668
440214,440214,,,,2024-10-16,12:03:59,13:26:34,82.6,47.442123,19.23143,40.962616,28.803345,Landed,440214,OE-HOZ,Bombardier BD-100-1A-10 Challenger 3500,felső-középkategóriás business jet,2024,Mészáros Lőrinc,2024. 07. 10.,-,"9,6 milliárd Ft",6970,1,,9595.366666666665
440214,440214,,,,2024-10-18,05:40:31,07:27:40,107.1,40.974289,28.828796,47.443428,19.229301,Landed,440214,OE-HOZ,Bombardier BD-100-1A-10 Challenger 3500,felső-középkategóriás business jet,2024,Mészáros Lőrinc,2024. 07. 10.,-,"9,6 milliárd Ft",6970,1,,12441.449999999999
440214,440214,,,,2024-10-21,05:46:38,07:39:21,112.7,47.437271,19.239395,48.965561,2.454177,Landed,440214,OE-HOZ,Bombardier BD-100-1A-10 Challenger 3500,felső-középkategóriás business jet,2024,Mészáros Lőrinc,2024. 07. 10.,-,"9,6 milliárd Ft",6970,1,,13091.983333333334
440214,440214,,,,2024-10-21,16:03:43,17:43:08,99.4,48.964854,2.440989,47.447903,19.22213,Landed,440214,OE-HOZ,Bombardier BD-100-1A-10 Challenger 3500,felső-középkategóriás business jet,2024,Mészáros Lőrinc,2024. 07. 10.,-,"9,6 milliárd Ft",6970,1,,11546.966666666667
440214,440214,,,,2024-10-23,15:32:39,08:04:26,991.8,47.431563,19.279949,47.471661,8.55035,Landed,440214,OE-HOZ,Bombardier BD-100-1A-10 Challenger 3500,felső-középkategóriás business jet,2024,Mészáros Lőrinc,2024. 07. 10.,-,"9,6 milliárd Ft",6970,1,,115214.09999999998
440214,440214,,,,2024-10-24,13:13:21,14:31:44,78.4,47.457687,8.554642,47.443405,19.260818,Landed,440214,OE-HOZ,Bombardier BD-100-1A-10 Challenger 3500,felső-középkategóriás business jet,2024,Mészáros Lőrinc,2024. 07. 10.,-,"9,6 milliárd Ft",6970,1,,9107.466666666667
440214,440214,,,,2024-10-24,15:24:32,15:55:04,30.5,47.437894,19.269808,48.112782,16.581184,Landed,440214,OE-HOZ,Bombardier BD-100-1A-10 Challenger 3500,felső-középkategóriás business jet,2024,Mészáros Lőrinc,2024. 07. 10.,-,"9,6 milliárd Ft",6970,1,,3543.083333333333
440214,440214,,,,2024-10-26,09:54:42,14:56:01,301.3,48.112198,16.565941,47.443211,19.229679,Landed,440214,OE-HOZ,Bombardier BD-100-1A-10 Challenger 3500,felső-középkategóriás business jet,2024,Mészáros Lőrinc,2024. 07. 10.,-,"9,6 milliárd Ft",6970,1,,35001.01666666666
440214,440214,,,,2024-10-28,09:30:40,10:52:21,81.7,47.445761,19.225511,47.474579,8.54635,Landed,440214,OE-HOZ,Bombardier BD-100-1A-10 Challenger 3500,felső-középkategóriás business jet,2024,Mészáros Lőrinc,2024. 07. 10.,-,"9,6 milliárd Ft",6970,1,,9490.816666666668
440214,440214,,,,2024-10-28,15:05:16,16:19:35,74.3,47.457275,8.560753,47.436848,19.239927,Landed,440214,OE-HOZ,Bombardier BD-100-1A-10 Challenger 3500,felső-középkategóriás business jet,2024,Mészáros Lőrinc,2024. 07. 10.,-,"9,6 milliárd Ft",6970,1,,8631.183333333332
440214,440214,,,,2024-10-29,14:18:54,15:12:08,53.2,47.43338,19.245575,45.709843,25.527303,Landed,440214,OE-HOZ,Bombardier BD-100-1A-10 Challenger 3500,felső-középkategóriás business jet,2024,Mészáros Lőrinc,2024. 07. 10.,-,"9,6 milliárd Ft",6970,1,,6180.066666666667
440214,440214,,,,2024-10-31,10:05:56,11:02:02,56.1,45.699354,25.516296,47.428974,19.284147,Landed,440214,OE-HOZ,Bombardier BD-100-1A-10 Challenger 3500,felső-középkategóriás business jet,2024,Mészáros Lőrinc,2024. 07. 10.,-,"9,6 milliárd Ft",6970,1,,6516.950000000001
440214,440214,,,,2024-11-20,09:17:29,11:30:38,133.1,47.432739,19.246605,51.333188,0.03418,Landed,440214,OE-HOZ,Bombardier BD-100-1A-10 Challenger 3500,felső-középkategóriás business jet,2024,Mészáros Lőrinc,2024. 07. 10.,-,"9,6 milliárd Ft",6970,1,,15461.783333333333
440214,440214,,,,2024-11-23,10:43:35,12:33:34,110.0,51.335312,0.03578,47.434605,19.243584,Landed,440214,OE-HOZ,Bombardier BD-100-1A-10 Challenger 3500,felső-középkategóriás business jet,2024,Mészáros Lőrinc,2024. 07. 10.,-,"9,6 milliárd Ft",6970,1,,12778.333333333332
440214,440214,,,,2024-11-26,15:48:47,17:00:09,71.4,47.433105,19.245987,50.979366,10.963576,Landed,440214,OE-HOZ,Bombardier BD-100-1A-10 Challenger 3500,felső-középkategóriás business jet,2024,Mészáros Lőrinc,2024. 07. 10.,-,"9,6 milliárd Ft",6970,1,,8294.300000000001
440214,440214,,,,2024-11-26,17:33:56,18:40:38,66.7,50.978897,10.969552,47.436481,19.240528,Landed,440214,OE-HOZ,Bombardier BD-100-1A-10 Challenger 3500,felső-középkategóriás business jet,2024,Mészáros Lőrinc,2024. 07. 10.,-,"9,6 milliárd Ft",6970,1,,7748.3166666666675
440214,440214,,,,2024-11-27,09:14:20,09:43:49,29.5,47.433426,19.245438,48.111855,16.581528,Landed,440214,OE-HOZ,Bombardier BD-100-1A-10 Challenger 3500,felső-középkategóriás business jet,2024,Mészáros Lőrinc,2024. 07. 10.,-,"9,6 milliárd Ft",6970,1,,3426.9166666666665
440214,440214,,,,2024-11-27,11:22:13,12:12:35,50.4,48.111086,16.569355,50.979858,10.9576,Landed,440214,OE-HOZ,Bombardier BD-100-1A-10 Challenger 3500,felső-középkategóriás business jet,2024,Mészáros Lőrinc,2024. 07. 10.,-,"9,6 milliárd Ft",6970,1,,5854.8
440214,440214,,,,2024-11-27,13:51:10,14:59:26,68.3,50.978937,10.969086,47.435257,19.242537,Landed,440214,OE-HOZ,Bombardier BD-100-1A-10 Challenger 3500,felső-középkategóriás business jet,2024,Mészáros Lőrinc,2024. 07. 10.,-,"9,6 milliárd Ft",6970,1,,7934.1833333333325
440214,440214,,,,2024-12-02,11:39:18,12:19:52,40.6,47.433239,19.245793,44.823334,20.298313,Landed,440214,OE-HOZ,Bombardier BD-100-1A-10 Challenger 3500,felső-középkategóriás business jet,2024,Mészáros Lőrinc,2024. 07. 10.,-,"9,6 milliárd Ft",6970,1,,4716.366666666667
440214,440214,,,,2024-12-02,14:51:24,15:25:16,33.9,44.818039,20.310124,47.4375,19.23888,Landed,440214,OE-HOZ,Bombardier BD-100-1A-10 Challenger 3500,felső-középkategóriás business jet,2024,Mészáros Lőrinc,2024. 07. 10.,-,"9,6 milliárd Ft",6970,1,,3938.0499999999997
440214,440214,,,,2024-12-02,15:51:46,16:37:38,45.9,47.433472,19.245438,50.112797,14.26291,Landed,440214,OE-HOZ,Bombardier BD-100-1A-10 Challenger 3500,felső-középkategóriás business jet,2024,Mészáros Lőrinc,2024. 07. 10.,-,"9,6 milliárd Ft",6970,1,,5332.05
440214,440214,,,,2024-12-02,20:46:25,21:31:37,45.2,50.113678,14.265819,47.444607,19.22743,Landed,440214,OE-HOZ,Bombardier BD-100-1A-10 Challenger 3500,felső-középkategóriás business jet,2024,Mészáros Lőrinc,2024. 07. 10.,-,"9,6 milliárd Ft",6970,1,,5250.733333333334
440214,440214,,,,2024-12-05,11:02:46,12:11:43,68.9,47.43338,19.245644,41.413113,19.720771,Landed,440214,OE-HOZ,Bombardier BD-100-1A-10 Challenger 3500,felső-középkategóriás business jet,2024,Mészáros Lőrinc,2024. 07. 10.,-,"9,6 milliárd Ft",6970,1,,8003.883333333334
440214,440214,,,,2024-12-05,20:15:27,14:03:22,1067.9,41.416718,19.720334,47.439377,19.267342,Landed,440214,OE-HOZ,Bombardier BD-100-1A-10 Challenger 3500,felső-középkategóriás business jet,2024,Mészáros Lőrinc,2024. 07. 10.,-,"9,6 milliárd Ft",6970,1,,124054.38333333335
440214,440214,,,,2024-12-17,09:12:44,11:24:52,132.1,47.433609,19.245163,51.33306,0.034065,Landed,440214,OE-HOZ,Bombardier BD-100-1A-10 Challenger 3500,felső-középkategóriás business jet,2024,Mészáros Lőrinc,2024. 07. 10.,-,"9,6 milliárd Ft",6970,1,,15345.616666666667
440214,440214,,,,2024-12-20,09:11:32,11:07:23,115.8,51.33522,0.035706,47.435392,19.242272,Landed,440214,OE-HOZ,Bombardier BD-100-1A-10 Challenger 3500,felső-középkategóriás business jet,2024,Mészáros Lőrinc,2024. 07. 10.,-,"9,6 milliárd Ft",6970,1,,13452.1
440214,440214,,,,2024-12-28,10:15:46,17:42:37,10526.9,47.439617,19.2353,47.43623,19.24094,Landed,440214,OE-HOZ,Bombardier BD-100-1A-10 Challenger 3500,felső-középkategóriás business jet,2024,Mészáros Lőrinc,2024. 07. 10.,-,"9,6 milliárd Ft",6970,1,,1222874.8833333333
440214,440214,,,,2025-01-06,12:33:33,13:30:34,57.0,47.443085,19.229851,48.111282,16.581802,Landed,440214,OE-HOZ,Bombardier BD-100-1A-10 Challenger 3500,felső-középkategóriás business jet,2024,Mészáros Lőrinc,2024. 07. 10.,-,"9,6 milliárd Ft",6970,1,,6621.5
440214,440214,,,,2025-01-13,15:58:07,16:30:17,32.2,48.118628,16.546114,47.424627,19.259597,Landed,440214,OE-HOZ,Bombardier BD-100-1A-10 Challenger 3500,felső-középkategóriás business jet,2024,Mészáros Lőrinc,2024. 07. 10.,-,"9,6 milliárd Ft",6970,1,,3740.566666666667
440214,440214,,,,2025-01-15,09:38:09,11:41:02,122.9,47.445511,19.226006,51.337529,0.037537,Landed,440214,OE-HOZ,Bombardier BD-100-1A-10 Challenger 3500,felső-középkategóriás business jet,2024,Mészáros Lőrinc,2024. 07. 10.,-,"9,6 milliárd Ft",6970,1,,14276.883333333333
440214,440214,,,,2025-01-15,15:21:18,17:21:24,120.1,51.328949,0.030955,47.445808,19.225511,Landed,440214,OE-HOZ,Bombardier BD-100-1A-10 Challenger 3500,felső-középkategóriás business jet,2024,Mészáros Lőrinc,2024. 07. 10.,-,"9,6 milliárd Ft",6970,1,,13951.616666666665
440214,440214,,,,2025-01-16,07:31:57,10:20:28,168.5,47.434077,19.275654,36.660736,-4.479332,Landed,440214,OE-HOZ,Bombardier BD-100-1A-10 Challenger 3500,felső-középkategóriás business jet,2024,Mészáros Lőrinc,2024. 07. 10.,-,"9,6 milliárd Ft",6970,1,,19574.083333333332
440214,440214,,,,2025-01-18,11:17:02,14:22:58,185.9,36.687149,-4.498844,47.42877,19.252977,Landed,440214,OE-HOZ,Bombardier BD-100-1A-10 Challenger 3500,felső-középkategóriás business jet,2024,Mészáros Lőrinc,2024. 07. 10.,-,"9,6 milliárd Ft",6970,1,,21595.383333333335
440214,440214,,,,2025-01-19,10:33:41,12:26:35,112.9,47.439151,19.236497,51.333572,0.034481,Landed,440214,OE-HOZ,Bombardier BD-100-1A-10 Challenger 3500,felső-középkategóriás business jet,2024,Mészáros Lőrinc,2024. 07. 10.,-,"9,6 milliárd Ft",6970,1,,13115.216666666667
440214,440214,,,,2025-01-19,14:13:55,16:14:26,120.5,51.329615,0.031433,47.446041,19.225088,Landed,440214,OE-HOZ,Bombardier BD-100-1A-10 Challenger 3500,felső-középkategóriás business jet,2024,Mészáros Lőrinc,2024. 07. 10.,-,"9,6 milliárd Ft",6970,1,,13998.083333333334
440214,440214,,,,2025-01-19,17:29:51,18:32:00,62.2,47.437546,19.238983,52.367124,13.482579,Landed,440214,OE-HOZ,Bombardier BD-100-1A-10 Challenger 3500,felső-középkategóriás business jet,2024,Mészáros Lőrinc,2024. 07. 10.,-,"9,6 milliárd Ft",6970,1,,7225.566666666667
440214,440214,,,,2025-01-27,08:42:14,09:49:30,67.3,52.375626,13.518448,48.233484,14.19533,Landed,440214,OE-HOZ,Bombardier BD-100-1A-10 Challenger 3500,felső-középkategóriás business jet,2024,Mészáros Lőrinc,2024. 07. 10.,-,"9,6 milliárd Ft",6970,1,,7818.016666666666
440214,440214,,,,2025-01-27,10:00:31,10:38:42,38.2,48.233379,14.191662,47.443302,19.229525,Landed,440214,OE-HOZ,Bombardier BD-100-1A-10 Challenger 3500,felső-középkategóriás business jet,2024,Mészáros Lőrinc,2024. 07. 10.,-,"9,6 milliárd Ft",6970,1,,4437.566666666667
440214,440214,,,,2025-01-28,08:04:48,09:44:07,99.3,47.442922,19.230088,52.308815,4.79557,Landed,440214,OE-HOZ,Bombardier BD-100-1A-10 Challenger 3500,felső-középkategóriás business jet,2024,Mészáros Lőrinc,2024. 07. 10.,-,"9,6 milliárd Ft",6970,1,,11535.35
440214,440214,,,,2025-01-28,16:51:41,18:24:59,93.3,52.309113,4.79599,47.444225,19.228064,Landed,440214,OE-HOZ,Bombardier BD-100-1A-10 Challenger 3500,felső-középkategóriás business jet,2024,Mészáros Lőrinc,2024. 07. 10.,-,"9,6 milliárd Ft",6970,1,,10838.35
440214,440214,,,,2025-01-29,18:32:17,20:02:05,89.8,47.442719,19.230469,46.242599,6.11565,Landed,440214,OE-HOZ,Bombardier BD-100-1A-10 Challenger 3500,felső-középkategóriás business jet,2024,Mészáros Lőrinc,2024. 07. 10.,-,"9,6 milliárd Ft",6970,1,,10431.766666666666
440214,440214,,,,2025-02-03,14:50:23,16:17:38,87.2,46.235589,6.105309,47.433891,19.244737,Landed,440214,OE-HOZ,Bombardier BD-100-1A-10 Challenger 3500,felső-középkategóriás business jet,2024,Mészáros Lőrinc,2024. 07. 10.,-,"9,6 milliárd Ft",6970,1,,10129.733333333334
440214,440214,,,,2025-02-07,13:17:01,14:33:19,76.3,47.436951,19.239944,41.803304,12.592121,Landed,440214,OE-HOZ,Bombardier BD-100-1A-10 Challenger 3500,felső-középkategóriás business jet,2024,Mészáros Lőrinc,2024. 07. 10.,-,"9,6 milliárd Ft",6970,1,,8863.516666666666
440214,440214,,,,2025-02-09,10:54:48,12:08:09,73.4,41.803162,12.592205,47.448043,19.221849,Landed,440214,OE-HOZ,Bombardier BD-100-1A-10 Challenger 3500,felső-középkategóriás business jet,2024,Mészáros Lőrinc,2024. 07. 10.,-,"9,6 milliárd Ft",6970,1,,8526.633333333333
440214,440214,,,,2025-02-16,16:14:48,08:36:54,2422.1,47.43296,19.246216,45.460133,9.275845,Landed,440214,OE-HOZ,Bombardier BD-100-1A-10 Challenger 3500,felső-középkategóriás business jet,2024,Mészáros Lőrinc,2024. 07. 10.,-,"9,6 milliárd Ft",6970,1,,281367.2833333333
440214,440214,,,,2025-02-18,08:45:00,10:35:01,110.0,45.439041,9.277758,51.549248,-0.434799,Landed,440214,OE-HOZ,Bombardier BD-100-1A-10 Challenger 3500,felső-középkategóriás business jet,2024,Mészáros Lőrinc,2024. 07. 10.,-,"9,6 milliárd Ft",6970,1,,12778.333333333332
440214,440214,,,,2025-02-19,13:39:52,15:38:28,118.6,51.552227,-0.421829,47.431641,19.24839,Landed,440214,OE-HOZ,Bombardier BD-100-1A-10 Challenger 3500,felső-középkategóriás business jet,2024,Mészáros Lőrinc,2024. 07. 10.,-,"9,6 milliárd Ft",6970,1,,13777.366666666667
440214,440214,,,,2025-02-24,07:05:11,07:39:00,33.8,47.439514,19.23555,44.829153,20.285049,Landed,440214,OE-HOZ,Bombardier BD-100-1A-10 Challenger 3500,felső-középkategóriás business jet,2024,Mészáros Lőrinc,2024. 07. 10.,-,"9,6 milliárd Ft",6970,1,,3926.4333333333325
440214,440214,,,,2025-02-24,12:24:12,13:00:53,36.7,44.81556,20.315596,47.433565,19.2453,Landed,440214,OE-HOZ,Bombardier BD-100-1A-10 Challenger 3500,felső-középkategóriás business jet,2024,Mészáros Lőrinc,2024. 07. 10.,-,"9,6 milliárd Ft",6970,1,,4263.316666666667
440214,440214,,,,2025-03-04,08:42:25,09:58:13,75.8,47.438406,19.237272,47.475729,8.54481,Landed,440214,OE-HOZ,Bombardier BD-100-1A-10 Challenger 3500,felső-középkategóriás business jet,2024,Mészáros Lőrinc,2024. 07. 10.,-,"9,6 milliárd Ft",6970,1,,8805.433333333332
440214,440214,,,,2025-03-04,10:45:20,11:57:41,72.3,47.457027,8.564617,47.434729,19.243328,Landed,440214,OE-HOZ,Bombardier BD-100-1A-10 Challenger 3500,felső-középkategóriás business jet,2024,Mészáros Lőrinc,2024. 07. 10.,-,"9,6 milliárd Ft",6970,1,,8398.849999999999
440214,440214,,,,2025-03-09,09:01:04,10:57:46,116.7,47.443248,19.229595,48.968485,2.437592,Landed,440214,OE-HOZ,Bombardier BD-100-1A-10 Challenger 3500,felső-középkategóriás business jet,2024,Mészáros Lőrinc,2024. 07. 10.,-,"9,6 milliárd Ft",6970,1,,13556.65
440214,440214,,,,2025-03-11,11:03:40,12:44:22,100.7,48.972153,2.45136,47.443268,19.229576,Landed,440214,OE-HOZ,Bombardier BD-100-1A-10 Challenger 3500,felső-középkategóriás business jet,2024,Mészáros Lőrinc,2024. 07. 10.,-,"9,6 milliárd Ft",6970,1,,11697.983333333334
440214,440214,,,,2025-03-11,15:00:52,15:33:53,33.0,47.443108,19.229877,48.120804,16.539591,Landed,440214,OE-HOZ,Bombardier BD-100-1A-10 Challenger 3500,felső-középkategóriás business jet,2024,Mészáros Lőrinc,2024. 07. 10.,-,"9,6 milliárd Ft",6970,1,,3833.5000000000005
440214,440214,,,,2025-03-17,05:00:07,07:11:20,131.2,48.113983,16.560516,51.270819,-0.791397,Landed,440214,OE-HOZ,Bombardier BD-100-1A-10 Challenger 3500,felső-középkategóriás business jet,2024,Mészáros Lőrinc,2024. 07. 10.,-,"9,6 milliárd Ft",6970,1,,15241.066666666666
440214,440214,,,,2025-03-17,07:58:38,10:05:45,127.1,51.278035,-0.76973,47.434639,19.243498,Landed,440214,OE-HOZ,Bombardier BD-100-1A-10 Challenger 3500,felső-középkategóriás business jet,2024,Mészáros Lőrinc,2024. 07. 10.,-,"9,6 milliárd Ft",6970,1,,14764.783333333333
440214,440214,,,,2025-03-20,16:15:22,16:15:28,0.1,47.441849,19.231911,47.438662,19.237184,Landed,440214,OE-HOZ,Bombardier BD-100-1A-10 Challenger 3500,felső-középkategóriás business jet,2024,Mészáros Lőrinc,2024. 07. 10.,-,"9,6 milliárd Ft",6970,1,,11.616666666666667
440214,440214,,,,2025-03-20,16:15:31,16:18:11,2.7,47.437568,19.239032,47.300674,19.386595,Landed,440214,OE-HOZ,Bombardier BD-100-1A-10 Challenger 3500,felső-középkategóriás business jet,2024,Mészáros Lőrinc,2024. 07. 10.,-,"9,6 milliárd Ft",6970,1,,313.65000000000003
440214,440214,,,,2025-03-20,16:18:12,16:23:24,5.2,47.300125,19.386749,46.760044,19.537962,Landed,440214,OE-HOZ,Bombardier BD-100-1A-10 Challenger 3500,felső-középkategóriás business jet,2024,Mészáros Lőrinc,2024. 07. 10.,-,"9,6 milliárd Ft",6970,1,,604.0666666666667
440214,440214,,,,2025-03-20,16:23:25,16:23:49,0.4,46.759644,19.538046,46.71207,19.54647,Landed,440214,OE-HOZ,Bombardier BD-100-1A-10 Challenger 3500,felső-középkategóriás business jet,2024,Mészáros Lőrinc,2024. 07. 10.,-,"9,6 milliárd Ft",6970,1,,46.46666666666667
440214,440214,,,,2025-03-20,16:23:50,16:24:39,0.8,46.711493,19.546463,46.613182,19.547592,Landed,440214,OE-HOZ,Bombardier BD-100-1A-10 Challenger 3500,felső-középkategóriás business jet,2024,Mészáros Lőrinc,2024. 07. 10.,-,"9,6 milliárd Ft",6970,1,,92.93333333333334
440214,440214,,,,2025-03-20,16:24:44,16:26:59,2.2,46.602539,19.547692,46.324024,19.571273,Landed,440214,OE-HOZ,Bombardier BD-100-1A-10 Challenger 3500,felső-középkategóriás business jet,2024,Mészáros Lőrinc,2024. 07. 10.,-,"9,6 milliárd Ft",6970,1,,255.56666666666666
440214,440214,,,,2025-03-20,16:27:00,16:27:39,0.7,46.323387,19.571388,46.241059,19.587679,Landed,440214,OE-HOZ,Bombardier BD-100-1A-10 Challenger 3500,felső-középkategóriás business jet,2024,Mészáros Lőrinc,2024. 07. 10.,-,"9,6 milliárd Ft",6970,1,,81.31666666666666
440214,440214,,,,2025-03-20,16:27:39,16:29:55,2.3,46.241036,19.587662,45.963294,19.640568,Landed,440214,OE-HOZ,Bombardier BD-100-1A-10 Challenger 3500,felső-középkategóriás business jet,2024,Mészáros Lőrinc,2024. 07. 10.,-,"9,6 milliárd Ft",6970,1,,267.18333333333334
440214,440214,,,,2025-03-20,16:29:55,16:30:05,0.2,45.963089,19.640607,45.942741,19.641294,Landed,440214,OE-HOZ,Bombardier BD-100-1A-10 Challenger 3500,felső-középkategóriás business jet,2024,Mészáros Lőrinc,2024. 07. 10.,-,"9,6 milliárd Ft",6970,1,,23.233333333333334
440214,440214,,,,2025-03-20,16:30:24,16:39:34,9.2,45.901291,19.640808,44.756252,19.614879,Landed,440214,OE-HOZ,Bombardier BD-100-1A-10 Challenger 3500,felső-középkategóriás business jet,2024,Mészáros Lőrinc,2024. 07. 10.,-,"9,6 milliárd Ft",6970,1,,1068.7333333333333
440214,440214,,,,2025-03-20,16:39:40,16:45:15,5.6,44.74508,19.614615,44.038513,19.599019,Landed,440214,OE-HOZ,Bombardier BD-100-1A-10 Challenger 3500,felső-középkategóriás business jet,2024,Mészáros Lőrinc,2024. 07. 10.,-,"9,6 milliárd Ft",6970,1,,650.5333333333333
440214,440214,,,,2025-03-20,16:45:15,08:39:02,953.8,44.038513,19.599035,44.825569,20.293222,Landed,440214,OE-HOZ,Bombardier BD-100-1A-10 Challenger 3500,felső-középkategóriás business jet,2024,Mészáros Lőrinc,2024. 07. 10.,-,"9,6 milliárd Ft",6970,1,,110799.76666666666
440214,440214,,,,2025-03-21,10:37:28,11:20:05,42.6,44.818726,20.308495,47.443508,19.229216,Landed,440214,OE-HOZ,Bombardier BD-100-1A-10 Challenger 3500,felső-középkategóriás business jet,2024,Mészáros Lőrinc,2024. 07. 10.,-,"9,6 milliárd Ft",6970,1,,4948.700000000001
440214,440214,,,,2025-04-03,07:57:10,09:25:35,88.4,47.433426,19.245506,43.641998,7.195853,Landed,440214,OE-HOZ,Bombardier BD-100-1A-10 Challenger 3500,felső-középkategóriás business jet,2024,Mészáros Lőrinc,2024. 07. 10.,-,"9,6 milliárd Ft",6970,1,,10269.133333333333
440214,440214,,,,2025-04-06,08:37:42,08:54:23,16.7,43.654175,7.212716,43.548653,6.950782,Landed,440214,OE-HOZ,Bombardier BD-100-1A-10 Challenger 3500,felső-középkategóriás business jet,2024,Mészáros Lőrinc,2024. 07. 10.,-,"9,6 milliárd Ft",6970,1,,1939.9833333333333
440214,440214,,,,2025-04-06,10:03:07,11:45:46,102.7,43.549896,6.950513,47.43528,19.242468,Landed,440214,OE-HOZ,Bombardier BD-100-1A-10 Challenger 3500,felső-középkategóriás business jet,2024,Mészáros Lőrinc,2024. 07. 10.,-,"9,6 milliárd Ft",6970,1,,11930.316666666668
440214,440214,,,,2025-04-11,14:53:28,16:30:21,96.9,47.433334,19.245644,43.109095,6.166077,Landed,440214,OE-HOZ,Bombardier BD-100-1A-10 Challenger 3500,felső-középkategóriás business jet,2024,Mészáros Lőrinc,2024. 07. 10.,-,"9,6 milliárd Ft",6970,1,,11256.55
440214,440214,,,,2025-04-11,17:38:14,19:25:40,107.4,43.097443,6.146467,47.4352,19.242622,Landed,440214,OE-HOZ,Bombardier BD-100-1A-10 Challenger 3500,felső-középkategóriás business jet,2024,Mészáros Lőrinc,2024. 07. 10.,-,"9,6 milliárd Ft",6970,1,,12476.300000000001
440214,440214,,,,2025-04-17,08:21:32,14:55:41,6154.1,47.43836,19.269034,47.437615,19.238716,Landed,440214,OE-HOZ,Bombardier BD-100-1A-10 Challenger 3500,felső-középkategóriás business jet,2024,Mészáros Lőrinc,2024. 07. 10.,-,"9,6 milliárd Ft",6970,1,,714901.2833333334
440214,440214,,,,2025-04-30,14:57:08,14:18:50,5721.7,47.43403,19.244455,47.436567,19.240388,Landed,440214,OE-HOZ,Bombardier BD-100-1A-10 Challenger 3500,felső-középkategóriás business jet,2024,Mészáros Lőrinc,2024. 07. 10.,-,"9,6 milliárd Ft",6970,1,,664670.8166666667
440214,440214,,,,2025-05-07,07:38:30,13:12:01,333.5,47.433565,19.2453,47.435613,19.241955,Landed,440214,OE-HOZ,Bombardier BD-100-1A-10 Challenger 3500,felső-középkategóriás business jet,2024,Mészáros Lőrinc,2024. 07. 10.,-,"9,6 milliárd Ft",6970,1,,38741.583333333336
440214,440214,,,,2025-05-08,06:47:08,08:24:45,97.6,47.433334,19.245644,43.657771,7.212214,Landed,440214,OE-HOZ,Bombardier BD-100-1A-10 Challenger 3500,felső-középkategóriás business jet,2024,Mészáros Lőrinc,2024. 07. 10.,-,"9,6 milliárd Ft",6970,1,,11337.866666666665
440214,440214,,,,2025-05-08,10:44:11,11:32:25,4368.2,43.649706,7.206573,47.444633,19.227377,Landed,440214,OE-HOZ,Bombardier BD-100-1A-10 Challenger 3500,felső-középkategóriás business jet,2024,Mészáros Lőrinc,2024. 07. 10.,-,"9,6 milliárd Ft",6970,1,,507439.2333333333
440214,440214,,,,2025-05-12,13:08:24,14:44:18,95.9,47.440594,19.265371,46.232792,6.101214,Landed,440214,OE-HOZ,Bombardier BD-100-1A-10 Challenger 3500,felső-középkategóriás business jet,2024,Mészáros Lőrinc,2024. 07. 10.,-,"9,6 milliárd Ft",6970,1,,11140.383333333333
440214,440214,,,,2025-05-14,11:13:17,11:49:56,36.7,46.235496,6.105171,47.474391,8.546606,Landed,440214,OE-HOZ,Bombardier BD-100-1A-10 Challenger 3500,felső-középkategóriás business jet,2024,Mészáros Lőrinc,2024. 07. 10.,-,"9,6 milliárd Ft",6970,1,,4263.316666666667
440214,440214,,,,2025-05-15,13:36:22,14:46:32,70.2,47.464662,8.559899,47.436276,19.240881,Landed,440214,OE-HOZ,Bombardier BD-100-1A-10 Challenger 3500,felső-középkategóriás business jet,2024,Mészáros Lőrinc,2024. 07. 10.,-,"9,6 milliárd Ft",6970,1,,8154.9000000000015
440214,440214,,,,2025-05-23,06:00:31,06:35:03,34.5,47.440613,19.233833,44.821333,20.302751,Landed,440214,OE-HOZ,Bombardier BD-100-1A-10 Challenger 3500,felső-középkategóriás business jet,2024,Mészáros Lőrinc,2024. 07. 10.,-,"9,6 milliárd Ft",6970,1,,4007.7499999999995
440214,440214,,,,2025-05-23,15:55:02,16:25:16,30.2,44.814102,20.318952,47.436265,19.240916,Landed,440214,OE-HOZ,Bombardier BD-100-1A-10 Challenger 3500,felső-középkategóriás business jet,2024,Mészáros Lőrinc,2024. 07. 10.,-,"9,6 milliárd Ft",6970,1,,3508.233333333333
440214,440214,,,,2025-05-23,17:12:13,17:40:18,28.1,47.440967,19.233328,48.094385,16.588898,Landed,440214,OE-HOZ,Bombardier BD-100-1A-10 Challenger 3500,felső-középkategóriás business jet,2024,Mészáros Lőrinc,2024. 07. 10.,-,"9,6 milliárd Ft",6970,1,,3264.2833333333338
440214,440214,,,,2025-05-29,09:47:32,10:23:39,36.1,48.110434,16.571397,47.436346,19.240758,Landed,440214,OE-HOZ,Bombardier BD-100-1A-10 Challenger 3500,felső-középkategóriás business jet,2024,Mészáros Lőrinc,2024. 07. 10.,-,"9,6 milliárd Ft",6970,1,,4193.616666666667
440214,440214,,,,2025-05-29,12:57:59,14:46:23,108.4,47.433014,19.246124,59.354462,17.941429,Landed,440214,OE-HOZ,Bombardier BD-100-1A-10 Challenger 3500,felső-középkategóriás business jet,2024,Mészáros Lőrinc,2024. 07. 10.,-,"9,6 milliárd Ft",6970,1,,12592.466666666667
440214,440214,,,,2025-06-01,11:48:28,13:37:43,109.2,59.356896,17.934612,47.441397,19.232606,Landed,440214,OE-HOZ,Bombardier BD-100-1A-10 Challenger 3500,felső-középkategóriás business jet,2024,Mészáros Lőrinc,2024. 07. 10.,-,"9,6 milliárd Ft",6970,1,,12685.4
440214,440214,,,,2025-06-02,08:10:42,10:33:27,142.7,47.445436,19.226074,44.831958,-0.710661,Landed,440214,OE-HOZ,Bombardier BD-100-1A-10 Challenger 3500,felső-középkategóriás business jet,2024,Mészáros Lőrinc,2024. 07. 10.,-,"9,6 milliárd Ft",6970,1,,16576.98333333333
440214,440214,,,,2025-06-05,07:07:26,09:09:29,122.1,44.829852,-0.713575,47.435834,19.24155,Landed,440214,OE-HOZ,Bombardier BD-100-1A-10 Challenger 3500,felső-középkategóriás business jet,2024,Mészáros Lőrinc,2024. 07. 10.,-,"9,6 milliárd Ft",6970,1,,14183.949999999997
440214,440214,,,,2025-06-12,16:15:19,16:42:13,26.9,47.436917,19.239737,48.096981,16.587824,Landed,440214,OE-HOZ,Bombardier BD-100-1A-10 Challenger 3500,felső-középkategóriás business jet,2024,Mészáros Lőrinc,2024. 07. 10.,-,"9,6 milliárd Ft",6970,1,,3124.883333333333
440214,440214,,,,2025-06-21,05:25:42,05:56:31,30.8,48.114166,16.559967,47.436893,19.239878,Landed,440214,OE-HOZ,Bombardier BD-100-1A-10 Challenger 3500,felső-középkategóriás business jet,2024,Mészáros Lőrinc,2024. 07. 10.,-,"9,6 milliárd Ft",6970,1,,3577.933333333333
440214,440214,,,,2025-06-21,07:43:59,09:26:09,102.2,47.433243,19.245781,43.559115,6.948853,Landed,440214,OE-HOZ,Bombardier BD-100-1A-10 Challenger 3500,felső-középkategóriás business jet,2024,Mészáros Lőrinc,2024. 07. 10.,-,"9,6 milliárd Ft",6970,1,,11872.233333333334
440214,440214,,,,2025-06-21,10:45:48,12:14:50,89.0,43.540878,6.952046,47.435886,19.241524,Landed,440214,OE-HOZ,Bombardier BD-100-1A-10 Challenger 3500,felső-középkategóriás business jet,2024,Mészáros Lőrinc,2024. 07. 10.,-,"9,6 milliárd Ft",6970,1,,10338.833333333334
440214,440214,,,,2025-06-29,08:12:55,13:40:44,327.8,47.433192,19.245864,47.437149,19.239473,Landed,440214,OE-HOZ,Bombardier BD-100-1A-10 Challenger 3500,felső-középkategóriás business jet,2024,Mészáros Lőrinc,2024. 07. 10.,-,"9,6 milliárd Ft",6970,1,,38079.433333333334
440214,440214,,,,2025-06-30,13:18:27,14:48:42,90.3,47.433006,19.246145,51.284592,6.762456,Landed,440214,OE-HOZ,Bombardier BD-100-1A-10 Challenger 3500,felső-középkategóriás business jet,2024,Mészáros Lőrinc,2024. 07. 10.,-,"9,6 milliárd Ft",6970,1,,10489.849999999999
440214,440214,,,,2025-06-30,19:05:17,20:27:28,82.2,51.285553,6.764312,47.428288,19.285246,Landed,440214,OE-HOZ,Bombardier BD-100-1A-10 Challenger 3500,felső-középkategóriás business jet,2024,Mészáros Lőrinc,2024. 07. 10.,-,"9,6 milliárd Ft",6970,1,,9548.900000000001
440214,440214,,,,2025-07-02,07:04:23,08:46:50,102.5,47.433105,19.246056,43.549942,6.950513,Landed,440214,OE-HOZ,Bombardier BD-100-1A-10 Challenger 3500,felső-középkategóriás business jet,2024,Mészáros Lőrinc,2024. 07. 10.,-,"9,6 milliárd Ft",6970,1,,11907.083333333332
440214,440214,,,,2025-07-02,10:25:23,11:52:19,86.9,43.543167,6.951727,47.442753,19.230434,Landed,440214,OE-HOZ,Bombardier BD-100-1A-10 Challenger 3500,felső-középkategóriás business jet,2024,Mészáros Lőrinc,2024. 07. 10.,-,"9,6 milliárd Ft",6970,1,,10094.883333333335
440214,440214,,,,2025-07-03,06:36:11,07:38:17,62.1,47.43306,19.246124,41.960407,21.621843,Landed,440214,OE-HOZ,Bombardier BD-100-1A-10 Challenger 3500,felső-középkategóriás business jet,2024,Mészáros Lőrinc,2024. 07. 10.,-,"9,6 milliárd Ft",6970,1,,7213.95
440214,440214,,,,2025-07-03,12:46:34,13:48:26,61.9,41.954819,21.62384,47.441909,19.231779,Landed,440214,OE-HOZ,Bombardier BD-100-1A-10 Challenger 3500,felső-középkategóriás business jet,2024,Mészáros Lőrinc,2024. 07. 10.,-,"9,6 milliárd Ft",6970,1,,7190.716666666667
440214,440214,,,,2025-07-05,10:06:04,12:28:34,142.5,47.433792,19.244888,48.580565,-2.078078,Landed,440214,OE-HOZ,Bombardier BD-100-1A-10 Challenger 3500,felső-középkategóriás business jet,2024,Mészáros Lőrinc,2024. 07. 10.,-,"9,6 milliárd Ft",6970,1,,16553.75
440214,440214,,,,2025-07-05,14:05:43,16:11:30,125.8,48.591319,-2.08097,47.437743,19.238487,Landed,440214,OE-HOZ,Bombardier BD-100-1A-10 Challenger 3500,felső-középkategóriás business jet,2024,Mészáros Lőrinc,2024. 07. 10.,-,"9,6 milliárd Ft",6970,1,,14613.766666666666
440214,440214,,,,2025-07-06,07:58:26,08:59:49,61.4,47.442829,19.2303,45.652325,12.202813,Landed,440214,OE-HOZ,Bombardier BD-100-1A-10 Challenger 3500,felső-középkategóriás business jet,2024,Mészáros Lőrinc,2024. 07. 10.,-,"9,6 milliárd Ft",6970,1,,7132.633333333332
440214,440214,,,,2025-07-06,10:16:47,11:10:47,54.0,45.6492,12.196633,43.66048,7.21599,Landed,440214,OE-HOZ,Bombardier BD-100-1A-10 Challenger 3500,felső-középkategóriás business jet,2024,Mészáros Lőrinc,2024. 07. 10.,-,"9,6 milliárd Ft",6970,1,,6273.0
440214,440214,,,,2025-07-06,12:49:18,14:15:47,86.5,43.661407,7.222617,47.442514,19.230793,Landed,440214,OE-HOZ,Bombardier BD-100-1A-10 Challenger 3500,felső-középkategóriás business jet,2024,Mészáros Lőrinc,2024. 07. 10.,-,"9,6 milliárd Ft",6970,1,,10048.416666666666
440214,440214,,,,2025-07-07,05:14:17,06:54:59,100.7,47.442968,19.230018,43.661774,7.217746,Landed,440214,OE-HOZ,Bombardier BD-100-1A-10 Challenger 3500,felső-középkategóriás business jet,2024,Mészáros Lőrinc,2024. 07. 10.,-,"9,6 milliárd Ft",6970,1,,11697.983333333334
440214,440214,,,,2025-07-07,14:50:46,16:15:04,84.3,43.663422,7.225427,47.435683,19.241797,Landed,440214,OE-HOZ,Bombardier BD-100-1A-10 Challenger 3500,felső-középkategóriás business jet,2024,Mészáros Lőrinc,2024. 07. 10.,-,"9,6 milliárd Ft",6970,1,,9792.85
440214,440214,,,,2025-07-08,11:56:23,14:17:49,141.4,47.438034,19.269527,48.579588,-2.077789,Landed,440214,OE-HOZ,Bombardier BD-100-1A-10 Challenger 3500,felső-középkategóriás business jet,2024,Mészáros Lőrinc,2024. 07. 10.,-,"9,6 milliárd Ft",6970,1,,16425.966666666667
440214,440214,,,,2025-07-08,15:05:27,17:06:30,121.1,48.590607,-2.080712,47.431377,19.280268,Landed,440214,OE-HOZ,Bombardier BD-100-1A-10 Challenger 3500,felső-középkategóriás business jet,2024,Mészáros Lőrinc,2024. 07. 10.,-,"9,6 milliárd Ft",6970,1,,14067.783333333331
440214,440214,,,,2025-07-12,10:19:47,12:05:36,105.8,47.434662,19.243515,43.095874,6.14345,Landed,440214,OE-HOZ,Bombardier BD-100-1A-10 Challenger 3500,felső-középkategóriás business jet,2024,Mészáros Lőrinc,2024. 07. 10.,-,"9,6 milliárd Ft",6970,1,,12290.433333333332
440214,440214,,,,2025-07-12,13:04:22,14:30:20,86.0,43.101646,6.153259,47.436653,19.240271,Landed,440214,OE-HOZ,Bombardier BD-100-1A-10 Challenger 3500,felső-középkategóriás business jet,2024,Mészáros Lőrinc,2024. 07. 10.,-,"9,6 milliárd Ft",6970,1,,9990.333333333334
440214,440214,,,,2025-07-13,07:12:47,08:54:02,101.2,47.44519,19.226486,43.655319,7.20882,Landed,440214,OE-HOZ,Bombardier BD-100-1A-10 Challenger 3500,felső-középkategóriás business jet,2024,Mészáros Lőrinc,2024. 07. 10.,-,"9,6 milliárd Ft",6970,1,,11756.066666666668
440214,440214,,,,2025-07-13,10:09:35,11:31:23,81.8,43.654907,7.213674,47.443405,19.229284,Landed,440214,OE-HOZ,Bombardier BD-100-1A-10 Challenger 3500,felső-középkategóriás business jet,2024,Mészáros Lőrinc,2024. 07. 10.,-,"9,6 milliárd Ft",6970,1,,9502.433333333332
440214,440214,,,,2025-07-15,14:12:18,15:52:22,100.1,47.440796,19.233559,43.654358,7.207478,Landed,440214,OE-HOZ,Bombardier BD-100-1A-10 Challenger 3500,felső-középkategóriás business jet,2024,Mészáros Lőrinc,2024. 07. 10.,-,"9,6 milliárd Ft",6970,1,,11628.283333333333
440214,440214,,,,2025-07-15,17:18:46,18:39:52,81.1,43.656596,7.21599,47.436719,19.240159,Landed,440214,OE-HOZ,Bombardier BD-100-1A-10 Challenger 3500,felső-középkategóriás business jet,2024,Mészáros Lőrinc,2024. 07. 10.,-,"9,6 milliárd Ft",6970,1,,9421.116666666667
440214,440214,,,,2025-07-17,11:19:06,13:01:05,102.0,47.441665,19.232131,43.104996,6.159338,Landed,440214,OE-HOZ,Bombardier BD-100-1A-10 Challenger 3500,felső-középkategóriás business jet,2024,Mészáros Lőrinc,2024. 07. 10.,-,"9,6 milliárd Ft",6970,1,,11849.0
440214,440214,,,,2025-07-17,13:28:31,15:00:58,92.5,43.107977,6.162938,47.436344,19.240768,Landed,440214,OE-HOZ,Bombardier BD-100-1A-10 Challenger 3500,felső-középkategóriás business jet,2024,Mészáros Lőrinc,2024. 07. 10.,-,"9,6 milliárd Ft",6970,1,,10745.416666666668
440214,440214,,,,2025-07-18,07:39:31,09:25:34,106.0,47.440827,19.233539,43.097122,6.145637,Landed,440214,OE-HOZ,Bombardier BD-100-1A-10 Challenger 3500,felső-középkategóriás business jet,2024,Mészáros Lőrinc,2024. 07. 10.,-,"9,6 milliárd Ft",6970,1,,12313.666666666666
440214,440214,,,,2025-07-18,10:02:00,11:43:24,101.4,43.101608,6.153238,47.437225,19.239361,Landed,440214,OE-HOZ,Bombardier BD-100-1A-10 Challenger 3500,felső-középkategóriás business jet,2024,Mészáros Lőrinc,2024. 07. 10.,-,"9,6 milliárd Ft",6970,1,,11779.300000000001
440214,440214,,,,2025-07-27,07:07:22,08:54:26,107.1,47.442673,19.230469,43.661553,7.217462,Landed,440214,OE-HOZ,Bombardier BD-100-1A-10 Challenger 3500,felső-középkategóriás business jet,2024,Mészáros Lőrinc,2024. 07. 10.,-,"9,6 milliárd Ft",6970,1,,12441.449999999999
440214,440214,,,,2025-07-27,10:38:38,12:08:19,89.7,43.662643,7.224341,47.441711,19.232113,Landed,440214,OE-HOZ,Bombardier BD-100-1A-10 Challenger 3500,felső-középkategóriás business jet,2024,Mészáros Lőrinc,2024. 07. 10.,-,"9,6 milliárd Ft",6970,1,,10420.150000000001
440214,440214,,,,2025-07-29,08:50:16,09:27:21,37.1,47.432556,19.24688,44.820351,20.304926,Landed,440214,OE-HOZ,Bombardier BD-100-1A-10 Challenger 3500,felső-középkategóriás business jet,2024,Mészáros Lőrinc,2024. 07. 10.,-,"9,6 milliárd Ft",6970,1,,4309.783333333334
440214,440214,,,,2025-07-29,12:35:13,13:07:51,32.6,44.814676,20.317673,47.436276,19.240864,Landed,440214,OE-HOZ,Bombardier BD-100-1A-10 Challenger 3500,felső-középkategóriás business jet,2024,Mészáros Lőrinc,2024. 07. 10.,-,"9,6 milliárd Ft",6970,1,,3787.0333333333333
440214,440214,,,,2025-08-01,10:22:37,12:06:49,104.2,47.433472,19.245441,43.654594,7.207881,Landed,440214,OE-HOZ,Bombardier BD-100-1A-10 Challenger 3500,felső-középkategóriás business jet,2024,Mészáros Lőrinc,2024. 07. 10.,-,"9,6 milliárd Ft",6970,1,,12104.566666666668
440214,440214,,,,2025-08-01,13:10:42,14:32:43,82.0,43.650218,7.207293,47.430302,19.281967,Landed,440214,OE-HOZ,Bombardier BD-100-1A-10 Challenger 3500,felső-középkategóriás business jet,2024,Mészáros Lőrinc,2024. 07. 10.,-,"9,6 milliárd Ft",6970,1,,9525.666666666666
440214,440214,,,,2025-08-02,09:33:45,11:18:47,105.0,47.433751,19.245019,43.657345,7.211678,Landed,440214,OE-HOZ,Bombardier BD-100-1A-10 Challenger 3500,felső-középkategóriás business jet,2024,Mészáros Lőrinc,2024. 07. 10.,-,"9,6 milliárd Ft",6970,1,,12197.5
440214,440214,,,,2025-08-02,13:44:00,15:06:29,82.5,43.649963,7.206967,47.441299,19.232752,Landed,440214,OE-HOZ,Bombardier BD-100-1A-10 Challenger 3500,felső-középkategóriás business jet,2024,Mészáros Lőrinc,2024. 07. 10.,-,"9,6 milliárd Ft",6970,1,,9583.75
440214,440214,,,,2025-08-03,08:11:43,09:58:53,107.2,47.433243,19.245781,43.665939,7.223447,Landed,440214,OE-HOZ,Bombardier BD-100-1A-10 Challenger 3500,felső-középkategóriás business jet,2024,Mészáros Lőrinc,2024. 07. 10.,-,"9,6 milliárd Ft",6970,1,,12453.066666666666
440214,440214,,,,2025-08-03,11:22:56,12:46:48,83.9,43.658085,7.218148,47.430553,19.281572,Landed,440214,OE-HOZ,Bombardier BD-100-1A-10 Challenger 3500,felső-középkategóriás business jet,2024,Mészáros Lőrinc,2024. 07. 10.,-,"9,6 milliárd Ft",6970,1,,9746.383333333333
440214,440214,,,,2025-08-05,10:08:02,11:41:02,93.0,47.434387,19.243927,43.647491,7.197961,Landed,440214,OE-HOZ,Bombardier BD-100-1A-10 Challenger 3500,felső-középkategóriás business jet,2024,Mészáros Lőrinc,2024. 07. 10.,-,"9,6 milliárd Ft",6970,1,,10803.5
440214,440214,,,,2025-08-05,12:40:39,14:07:16,86.6,43.656596,7.215925,47.436001,19.241318,Landed,440214,OE-HOZ,Bombardier BD-100-1A-10 Challenger 3500,felső-középkategóriás business jet,2024,Mészáros Lőrinc,2024. 07. 10.,-,"9,6 milliárd Ft",6970,1,,10060.033333333333
440214,440214,,,,2025-08-09,10:33:46,12:18:01,104.2,47.445145,19.226555,43.092636,6.15624,Landed,440214,OE-HOZ,Bombardier BD-100-1A-10 Challenger 3500,felső-középkategóriás business jet,2024,Mészáros Lőrinc,2024. 07. 10.,-,"9,6 milliárd Ft",6970,1,,12104.566666666668
440214,440214,,,,2025-08-09,12:54:02,13:13:54,19.9,43.085539,6.131875,43.647099,7.197418,Landed,440214,OE-HOZ,Bombardier BD-100-1A-10 Challenger 3500,felső-középkategóriás business jet,2024,Mészáros Lőrinc,2024. 07. 10.,-,"9,6 milliárd Ft",6970,1,,2311.7166666666667
440214,440214,,,,2025-08-10,07:22:12,08:47:56,85.7,43.658661,7.218848,47.43737,19.239103,Landed,440214,OE-HOZ,Bombardier BD-100-1A-10 Challenger 3500,felső-középkategóriás business jet,2024,Mészáros Lőrinc,2024. 07. 10.,-,"9,6 milliárd Ft",6970,1,,9955.483333333334
440214,440214,,,,2025-08-11,12:58:10,14:35:19,97.2,47.44483,19.22706,43.651475,7.203565,Landed,440214,OE-HOZ,Bombardier BD-100-1A-10 Challenger 3500,felső-középkategóriás business jet,2024,Mészáros Lőrinc,2024. 07. 10.,-,"9,6 milliárd Ft",6970,1,,11291.400000000001
440214,440214,,,,2025-08-11,15:51:02,17:17:05,86.1,43.656693,7.216037,47.436951,19.239754,Landed,440214,OE-HOZ,Bombardier BD-100-1A-10 Challenger 3500,felső-középkategóriás business jet,2024,Mészáros Lőrinc,2024. 07. 10.,-,"9,6 milliárd Ft",6970,1,,10001.949999999999
440214,440214,,,,2025-08-17,14:49:44,19:15:15,265.5,47.433243,19.245781,47.435829,19.241592,Landed,440214,OE-HOZ,Bombardier BD-100-1A-10 Challenger 3500,felső-középkategóriás business jet,2024,Mészáros Lőrinc,2024. 07. 10.,-,"9,6 milliárd Ft",6970,1,,30842.25
440214,440214,,,,2025-08-18,07:33:19,09:40:27,127.1,47.43403,19.244526,47.430061,19.282396,Landed,440214,OE-HOZ,Bombardier BD-100-1A-10 Challenger 3500,felső-középkategóriás business jet,2024,Mészáros Lőrinc,2024. 07. 10.,-,"9,6 milliárd Ft",6970,1,,14764.783333333333
440214,440214,,,,2025-08-22,11:40:55,13:17:28,96.6,47.433099,19.246075,43.658123,7.212732,Landed,440214,OE-HOZ,Bombardier BD-100-1A-10 Challenger 3500,felső-középkategóriás business jet,2024,Mészáros Lőrinc,2024. 07. 10.,-,"9,6 milliárd Ft",6970,1,,11221.699999999999
440214,440214,,,,2025-08-22,15:03:12,16:27:37,84.4,43.64978,7.206712,47.435369,19.242342,Landed,440214,OE-HOZ,Bombardier BD-100-1A-10 Challenger 3500,felső-középkategóriás business jet,2024,Mészáros Lőrinc,2024. 07. 10.,-,"9,6 milliárd Ft",6970,1,,9804.466666666667
440214,440214,,,,2025-08-22,17:39:58,10:01:46,2421.8,47.434067,19.244476,47.435772,19.241678,Landed,440214,OE-HOZ,Bombardier BD-100-1A-10 Challenger 3500,felső-középkategóriás business jet,2024,Mészáros Lőrinc,2024. 07. 10.,-,"9,6 milliárd Ft",6970,1,,281332.43333333335
440214,440214,,,,2025-08-24,11:27:52,11:53:42,25.8,47.433099,19.246005,48.096713,16.587947,Landed,440214,OE-HOZ,Bombardier BD-100-1A-10 Challenger 3500,felső-középkategóriás business jet,2024,Mészáros Lőrinc,2024. 07. 10.,-,"9,6 milliárd Ft",6970,1,,2997.1
440214,440214,,,,2025-08-31,09:04:29,12:41:56,217.5,48.116501,16.552826,47.436416,19.240635,Landed,440214,OE-HOZ,Bombardier BD-100-1A-10 Challenger 3500,felső-középkategóriás business jet,2024,Mészáros Lőrinc,2024. 07. 10.,-,"9,6 milliárd Ft",6970,1,,25266.25
440214,440214,,,,2025-09-18,12:29:10,13:03:30,34.3,47.433053,19.246145,47.42799,19.285742,Landed,440214,OE-HOZ,Bombardier BD-100-1A-10 Challenger 3500,felső-középkategóriás business jet,2024,Mészáros Lőrinc,2024. 07. 10.,-,"9,6 milliárd Ft",6970,1,,3984.5166666666664
440214,440214,,,,2025-09-18,13:03:45,13:14:17,10.5,47.432327,19.278809,47.428654,19.284662,Landed,440214,OE-HOZ,Bombardier BD-100-1A-10 Challenger 3500,felső-középkategóriás business jet,2024,Mészáros Lőrinc,2024. 07. 10.,-,"9,6 milliárd Ft",6970,1,,1219.75
440214,440214,,,,2025-09-18,13:14:24,13:28:25,14.0,47.430725,19.281281,47.430279,19.282036,Landed,440214,OE-HOZ,Bombardier BD-100-1A-10 Challenger 3500,felső-középkategóriás business jet,2024,Mészáros Lőrinc,2024. 07. 10.,-,"9,6 milliárd Ft",6970,1,,1626.3333333333333
440214,440214,,,,2025-09-18,13:39:13,14:51:58,72.8,47.432922,19.24633,47.433798,19.244878,Landed,440214,OE-HOZ,Bombardier BD-100-1A-10 Challenger 3500,felső-középkategóriás business jet,2024,Mészáros Lőrinc,2024. 07. 10.,-,"9,6 milliárd Ft",6970,1,,8456.933333333334
440214,440214,,,,2025-09-23,08:08:46,15:57:33,468.8,47.432968,19.246193,47.435589,19.241987,Landed,440214,OE-HOZ,Bombardier BD-100-1A-10 Challenger 3500,felső-középkategóriás business jet,2024,Mészáros Lőrinc,2024. 07. 10.,-,"9,6 milliárd Ft",6970,1,,54458.933333333334
440214,440214,,,,2025-09-24,11:22:24,12:16:05,53.7,47.445877,19.225388,44.577422,26.094606,Landed,440214,OE-HOZ,Bombardier BD-100-1A-10 Challenger 3500,felső-középkategóriás business jet,2024,Mészáros Lőrinc,2024. 07. 10.,-,"9,6 milliárd Ft",6970,1,,6238.150000000001
440214,440214,,,,2025-09-24,16:03:09,17:08:06,64.9,44.565994,26.094099,47.443611,19.229027,Landed,440214,OE-HOZ,Bombardier BD-100-1A-10 Challenger 3500,felső-középkategóriás business jet,2024,Mészáros Lőrinc,2024. 07. 10.,-,"9,6 milliárd Ft",6970,1,,7539.216666666667
440214,440214,,,,2025-09-28,15:09:31,15:56:22,46.8,47.433105,19.245987,47.79594,13.002337,Landed,440214,OE-HOZ,Bombardier BD-100-1A-10 Challenger 3500,felső-középkategóriás business jet,2024,Mészáros Lőrinc,2024. 07. 10.,-,"9,6 milliárd Ft",6970,1,,5436.599999999999
440214,440214,,,,2025-09-28,16:32:23,17:25:49,53.4,47.790848,13.005478,47.436916,19.239876,Landed,440214,OE-HOZ,Bombardier BD-100-1A-10 Challenger 3500,felső-középkategóriás business jet,2024,Mészáros Lőrinc,2024. 07. 10.,-,"9,6 milliárd Ft",6970,1,,6203.3
440214,440214,,,,2025-09-30,07:05:37,09:23:12,137.6,47.445994,19.225159,44.815374,-0.734275,Landed,440214,OE-HOZ,Bombardier BD-100-1A-10 Challenger 3500,felső-középkategóriás business jet,2024,Mészáros Lőrinc,2024. 07. 10.,-,"9,6 milliárd Ft",6970,1,,15984.533333333335
440214,440214,,,,2025-09-30,10:14:12,11:47:00,92.8,44.830536,-0.712607,47.795427,13.002671,Landed,440214,OE-HOZ,Bombardier BD-100-1A-10 Challenger 3500,felső-középkategóriás business jet,2024,Mészáros Lőrinc,2024. 07. 10.,-,"9,6 milliárd Ft",6970,1,,10780.266666666666
440214,440214,,,,2025-09-30,15:27:44,16:17:39,49.9,47.790665,13.005615,47.436346,19.240758,Landed,440214,OE-HOZ,Bombardier BD-100-1A-10 Challenger 3500,felső-középkategóriás business jet,2024,Mészáros Lőrinc,2024. 07. 10.,-,"9,6 milliárd Ft",6970,1,,5796.716666666666
440214,440214,,,,2025-10-02,08:09:18,11:21:12,191.9,47.433014,19.246193,44.815839,-0.733672,Landed,440214,OE-HOZ,Bombardier BD-100-1A-10 Challenger 3500,felső-középkategóriás business jet,2024,Mészáros Lőrinc,2024. 07. 10.,-,"9,6 milliárd Ft",6970,1,,22292.38333333333
440214,440214,,,,2025-10-03,11:27:47,13:43:27,135.7,44.830084,-0.713307,47.435417,19.242245,Landed,440214,OE-HOZ,Bombardier BD-100-1A-10 Challenger 3500,felső-középkategóriás business jet,2024,Mészáros Lőrinc,2024. 07. 10.,-,"9,6 milliárd Ft",6970,1,,15763.816666666664
440214,440214,,,,2025-10-05,09:40:33,14:30:27,289.9,47.432968,19.246193,47.436416,19.240652,Landed,440214,OE-HOZ,Bombardier BD-100-1A-10 Challenger 3500,felső-középkategóriás business jet,2024,Mészáros Lőrinc,2024. 07. 10.,-,"9,6 milliárd Ft",6970,1,,33676.71666666666
440214,440214,,,,2025-10-09,12:42:10,17:56:15,314.1,47.427567,19.28643,24.88987,55.161451,Landed,440214,OE-HOZ,Bombardier BD-100-1A-10 Challenger 3500,felső-középkategóriás business jet,2024,Mészáros Lőrinc,2024. 07. 10.,-,"9,6 milliárd Ft",6970,1,,36487.950000000004
440214,440214,,,,2025-10-14,09:32:27,15:05:38,333.2,24.894461,55.1651,47.434776,19.243309,Landed,440214,OE-HOZ,Bombardier BD-100-1A-10 Challenger 3500,felső-középkategóriás business jet,2024,Mészáros Lőrinc,2024. 07. 10.,-,"9,6 milliárd Ft",6970,1,,38706.73333333333
440214,440214,,,,2025-10-14,15:49:52,16:17:23,27.5,47.43282,19.246498,48.095444,16.58848,Landed,440214,OE-HOZ,Bombardier BD-100-1A-10 Challenger 3500,felső-középkategóriás business jet,2024,Mészáros Lőrinc,2024. 07. 10.,-,"9,6 milliárd Ft",6970,1,,3194.583333333333
440214,440214,,,,2025-10-14,19:35:55,20:06:18,30.4,48.110916,16.569992,47.427727,19.286156,Landed,440214,OE-HOZ,Bombardier BD-100-1A-10 Challenger 3500,felső-középkategóriás business jet,2024,Mészáros Lőrinc,2024. 07. 10.,-,"9,6 milliárd Ft",6970,1,,3531.4666666666662
440214,440214,,,,2025-10-17,07:48:34,09:02:36,74.0,47.442307,19.231155,45.441936,9.277415,Landed,440214,OE-HOZ,Bombardier BD-100-1A-10 Challenger 3500,felső-középkategóriás business jet,2024,Mészáros Lőrinc,2024. 07. 10.,-,"9,6 milliárd Ft",6970,1,,8596.333333333334
440214,440214,,,,2025-10-19,10:20:20,10:32:48,12.5,45.438217,9.277823,45.623703,8.73532,Landed,440214,OE-HOZ,Bombardier BD-100-1A-10 Challenger 3500,felső-középkategóriás business jet,2024,Mészáros Lőrinc,2024. 07. 10.,-,"9,6 milliárd Ft",6970,1,,1452.0833333333335
440214,440214,,,,2025-10-19,11:56:15,14:46:46,170.5,45.620865,8.736074,47.444687,19.227276,Landed,440214,OE-HOZ,Bombardier BD-100-1A-10 Challenger 3500,felső-középkategóriás business jet,2024,Mészáros Lőrinc,2024. 07. 10.,-,"9,6 milliárd Ft",6970,1,,19806.416666666668
440214,440214,,,,2025-10-21,07:06:17,12:27:55,321.6,47.445969,19.22525,47.442078,19.231516,Landed,440214,OE-HOZ,Bombardier BD-100-1A-10 Challenger 3500,felső-középkategóriás business jet,2024,Mészáros Lőrinc,2024. 07. 10.,-,"9,6 milliárd Ft",6970,1,,37359.200000000004
440214,440214,,,,2025-10-23,15:26:16,16:36:32,70.3,47.446014,19.225182,47.183056,27.618414,Landed,440214,OE-HOZ,Bombardier BD-100-1A-10 Challenger 3500,felső-középkategóriás business jet,2024,Mészáros Lőrinc,2024. 07. 10.,-,"9,6 milliárd Ft",6970,1,,8166.516666666666
440214,440214,,,,2025-10-23,16:38:23,06:22:50,824.5,47.177776,27.618633,44.500623,26.098843,Landed,440214,OE-HOZ,Bombardier BD-100-1A-10 Challenger 3500,felső-középkategóriás business jet,2024,Mészáros Lőrinc,2024. 07. 10.,-,"9,6 milliárd Ft",6970,1,,95779.41666666667
440214,440214,,,,2025-10-24,12:14:07,12:31:17,1457.2,44.503613,26.104253,24.893658,55.165333,Landed,440214,OE-HOZ,Bombardier BD-100-1A-10 Challenger 3500,felső-középkategóriás business jet,2024,Mészáros Lőrinc,2024. 07. 10.,-,"9,6 milliárd Ft",6970,1,,169278.06666666668
440214,440214,,,,2025-10-25,13:38:22,19:33:55,355.6,24.89502,55.164083,47.443306,19.229507,Landed,440214,OE-HOZ,Bombardier BD-100-1A-10 Challenger 3500,felső-középkategóriás business jet,2024,Mészáros Lőrinc,2024. 07. 10.,-,"9,6 milliárd Ft",6970,1,,41308.86666666667
440214,440214,,,,2025-10-26,08:07:34,11:07:52,180.3,47.433746,19.245026,40.481953,-3.544693,Landed,440214,OE-HOZ,Bombardier BD-100-1A-10 Challenger 3500,felső-középkategóriás business jet,2024,Mészáros Lőrinc,2024. 07. 10.,-,"9,6 milliárd Ft",6970,1,,20944.850000000002
440214,440214,,,,2025-10-26,12:34:42,16:05:43,211.0,40.50444,-3.559204,47.43637,19.240705,Landed,440214,OE-HOZ,Bombardier BD-100-1A-10 Challenger 3500,felső-középkategóriás business jet,2024,Mészáros Lőrinc,2024. 07. 10.,-,"9,6 milliárd Ft",6970,1,,24511.166666666668
440214,440214,,,,2025-10-27,05:48:16,08:38:36,170.3,47.433239,19.245793,40.480697,-3.543419,Landed,440214,OE-HOZ,Bombardier BD-100-1A-10 Challenger 3500,felső-középkategóriás business jet,2024,Mészáros Lőrinc,2024. 07. 10.,-,"9,6 milliárd Ft",6970,1,,19783.183333333334
440214,440214,,,,2025-10-27,09:53:44,12:26:11,152.5,40.50445,-3.559196,47.435989,19.241318,Landed,440214,OE-HOZ,Bombardier BD-100-1A-10 Challenger 3500,felső-középkategóriás business jet,2024,Mészáros Lőrinc,2024. 07. 10.,-,"9,6 milliárd Ft",6970,1,,17715.416666666664
440214,440214,,,,2025-10-29,10:49:03,13:15:59,146.9,47.434021,19.244476,52.456109,-1.750514,Landed,440214,OE-HOZ,Bombardier BD-100-1A-10 Challenger 3500,felső-középkategóriás business jet,2024,Mészáros Lőrinc,2024. 07. 10.,-,"9,6 milliárd Ft",6970,1,,17064.88333333333
440214,440214,,,,2025-10-29,16:18:21,16:53:20,35.0,52.452988,-1.747055,51.331279,0.032711,Landed,440214,OE-HOZ,Bombardier BD-100-1A-10 Challenger 3500,felső-középkategóriás business jet,2024,Mészáros Lőrinc,2024. 07. 10.,-,"9,6 milliárd Ft",6970,1,,4065.8333333333335
440214,440214,,,,2025-11-01,15:05:39,16:55:58,110.3,51.3349,0.035483,47.443678,19.228909,Landed,440214,OE-HOZ,Bombardier BD-100-1A-10 Challenger 3500,felső-középkategóriás business jet,2024,Mészáros Lőrinc,2024. 07. 10.,-,"9,6 milliárd Ft",6970,1,,12813.183333333334
440214,440214,,,,2025-11-01,18:42:29,23:54:55,312.4,47.444924,19.226919,24.890396,55.172335,Landed,440214,OE-HOZ,Bombardier BD-100-1A-10 Challenger 3500,felső-középkategóriás business jet,2024,Mészáros Lőrinc,2024. 07. 10.,-,"9,6 milliárd Ft",6970,1,,36290.46666666666
440214,440214,,,,2025-11-02,09:24:53,08:25:19,1380.4,24.895439,55.163183,44.500355,26.097554,Landed,440214,OE-HOZ,Bombardier BD-100-1A-10 Challenger 3500,felső-középkategóriás business jet,2024,Mészáros Lőrinc,2024. 07. 10.,-,"9,6 milliárd Ft",6970,1,,160356.46666666667
440214,440214,,,,2025-11-03,17:24:27,17:57:24,32.9,44.501984,26.096348,47.183674,27.617939,Landed,440214,OE-HOZ,Bombardier BD-100-1A-10 Challenger 3500,felső-középkategóriás business jet,2024,Mészáros Lőrinc,2024. 07. 10.,-,"9,6 milliárd Ft",6970,1,,3821.883333333333
440214,440214,,,,2025-11-04,14:58:09,15:41:36,43.4,47.291999,27.367718,45.805261,21.356186,Landed,440214,OE-HOZ,Bombardier BD-100-1A-10 Challenger 3500,felső-középkategóriás business jet,2024,Mészáros Lőrinc,2024. 07. 10.,-,"9,6 milliárd Ft",6970,1,,5041.633333333333
440214,440214,,,,2025-11-05,12:48:06,13:38:13,50.1,45.811219,21.332428,47.149063,27.648537,Landed,440214,OE-HOZ,Bombardier BD-100-1A-10 Challenger 3500,felső-középkategóriás business jet,2024,Mészáros Lőrinc,2024. 07. 10.,-,"9,6 milliárd Ft",6970,1,,5819.950000000001
440214,440214,,,,2025-11-05,13:38:17,13:39:09,0.9,47.150528,27.647232,47.173737,27.626701,Landed,440214,OE-HOZ,Bombardier BD-100-1A-10 Challenger 3500,felső-középkategóriás business jet,2024,Mészáros Lőrinc,2024. 07. 10.,-,"9,6 milliárd Ft",6970,1,,104.55000000000001
440214,440214,,,,2025-11-05,14:47:14,15:41:39,54.4,47.176804,27.623955,47.428619,19.284738,Landed,440214,OE-HOZ,Bombardier BD-100-1A-10 Challenger 3500,felső-középkategóriás business jet,2024,Mészáros Lőrinc,2024. 07. 10.,-,"9,6 milliárd Ft",6970,1,,6319.466666666666
440214,440214,,,,2025-11-12,13:27:42,10:28:29,1260.8,47.433565,19.2453,43.637509,7.189636,Landed,440214,OE-HOZ,Bombardier BD-100-1A-10 Challenger 3500,felső-középkategóriás business jet,2024,Mészáros Lőrinc,2024. 07. 10.,-,"9,6 milliárd Ft",6970,1,,146462.93333333332
440214,440214,,,,2025-11-14,12:47:55,13:26:57,39.0,43.654953,7.21361,43.805145,11.197496,Landed,440214,OE-HOZ,Bombardier BD-100-1A-10 Challenger 3500,felső-középkategóriás business jet,2024,Mészáros Lőrinc,2024. 07. 10.,-,"9,6 milliárd Ft",6970,1,,4530.5
440214,440214,,,,2025-11-15,14:07:15,14:08:38,1.4,43.806725,11.195436,43.806221,11.196953,Landed,440214,OE-HOZ,Bombardier BD-100-1A-10 Challenger 3500,felső-középkategóriás business jet,2024,Mészáros Lőrinc,2024. 07. 10.,-,"9,6 milliárd Ft",6970,1,,162.63333333333333
440214,440214,,,,2025-11-15,14:08:44,14:09:10,0.4,43.805969,11.197259,43.805759,11.198485,Landed,440214,OE-HOZ,Bombardier BD-100-1A-10 Challenger 3500,felső-középkategóriás business jet,2024,Mészáros Lőrinc,2024. 07. 10.,-,"9,6 milliárd Ft",6970,1,,46.46666666666667
440214,440214,,,,2025-11-15,14:09:58,14:10:24,0.4,43.809746,11.204634,43.812393,11.208753,Landed,440214,OE-HOZ,Bombardier BD-100-1A-10 Challenger 3500,felső-középkategóriás business jet,2024,Mészáros Lőrinc,2024. 07. 10.,-,"9,6 milliárd Ft",6970,1,,46.46666666666667
440214,440214,,,,2025-11-15,14:10:54,14:11:51,0.9,43.814686,11.212333,43.81485,11.212529,Landed,440214,OE-HOZ,Bombardier BD-100-1A-10 Challenger 3500,felső-középkategóriás business jet,2024,Mészáros Lőrinc,2024. 07. 10.,-,"9,6 milliárd Ft",6970,1,,104.55000000000001
440214,440214,,,,2025-11-15,14:12:03,15:57:24,105.4,43.812222,11.208409,47.179367,27.621706,Landed,440214,OE-HOZ,Bombardier BD-100-1A-10 Challenger 3500,felső-középkategóriás business jet,2024,Mészáros Lőrinc,2024. 07. 10.,-,"9,6 milliárd Ft",6970,1,,12243.966666666667
440214,440214,,,,2025-11-17,06:34:57,07:17:26,42.5,47.13382,27.604317,44.500179,26.096698,Landed,440214,OE-HOZ,Bombardier BD-100-1A-10 Challenger 3500,felső-középkategóriás business jet,2024,Mészáros Lőrinc,2024. 07. 10.,-,"9,6 milliárd Ft",6970,1,,4937.083333333334
440214,440214,,,,2025-11-17,13:39:18,14:16:19,37.0,44.501938,26.09608,47.198383,27.604698,Landed,440214,OE-HOZ,Bombardier BD-100-1A-10 Challenger 3500,felső-középkategóriás business jet,2024,Mészáros Lőrinc,2024. 07. 10.,-,"9,6 milliárd Ft",6970,1,,4298.166666666667
440214,440214,,,,2025-11-17,14:24:45,16:46:04,141.3,47.177799,27.618599,47.434938,19.243047,Landed,440214,OE-HOZ,Bombardier BD-100-1A-10 Challenger 3500,felső-középkategóriás business jet,2024,Mészáros Lőrinc,2024. 07. 10.,-,"9,6 milliárd Ft",6970,1,,16414.35
440214,440214,,,,2025-11-18,13:50:05,19:48:50,358.7,47.433243,19.245781,47.436137,19.24111,Landed,440214,OE-HOZ,Bombardier BD-100-1A-10 Challenger 3500,felső-középkategóriás business jet,2024,Mészáros Lőrinc,2024. 07. 10.,-,"9,6 milliárd Ft",6970,1,,41668.98333333334
440214,440214,,,,2025-11-19,07:28:31,08:42:36,74.1,47.440796,19.233559,45.441734,9.277452,Landed,440214,OE-HOZ,Bombardier BD-100-1A-10 Challenger 3500,felső-középkategóriás business jet,2024,Mészáros Lőrinc,2024. 07. 10.,-,"9,6 milliárd Ft",6970,1,,8607.949999999999
440214,440214,,,,2025-11-19,14:11:20,15:14:09,62.8,45.441827,9.277418,47.443485,19.229233,Landed,440214,OE-HOZ,Bombardier BD-100-1A-10 Challenger 3500,felső-középkategóriás business jet,2024,Mészáros Lőrinc,2024. 07. 10.,-,"9,6 milliárd Ft",6970,1,,7295.266666666666
440214,440214,,,,2025-11-19,17:08:13,18:00:45,52.5,47.445557,19.225868,47.185226,27.61647,Landed,440214,OE-HOZ,Bombardier BD-100-1A-10 Challenger 3500,felső-középkategóriás business jet,2024,Mészáros Lőrinc,2024. 07. 10.,-,"9,6 milliárd Ft",6970,1,,6098.75
440214,440214,,,,2025-11-19,18:04:38,05:48:18,703.7,47.177784,27.618572,44.502033,26.096518,Landed,440214,OE-HOZ,Bombardier BD-100-1A-10 Challenger 3500,felső-középkategóriás business jet,2024,Mészáros Lőrinc,2024. 07. 10.,-,"9,6 milliárd Ft",6970,1,,81746.48333333334
440214,440214,,,,2025-11-20,16:04:04,05:24:09,8000.1,44.502357,26.098156,44.501919,26.095946,Landed,440214,OE-HOZ,Bombardier BD-100-1A-10 Challenger 3500,felső-középkategóriás business jet,2024,Mészáros Lőrinc,2024. 07. 10.,-,"9,6 milliárd Ft",6970,1,,929344.9500000001
440214,440214,,,,2025-11-26,15:56:51,06:40:14,883.4,44.502822,26.099898,47.178772,27.622059,Landed,440214,OE-HOZ,Bombardier BD-100-1A-10 Challenger 3500,felső-középkategóriás business jet,2024,Mészáros Lőrinc,2024. 07. 10.,-,"9,6 milliárd Ft",6970,1,,102621.63333333333
440214,440214,,,,2025-11-27,06:43:14,07:16:48,33.6,47.180832,27.620384,46.788368,23.688399,Landed,440214,OE-HOZ,Bombardier BD-100-1A-10 Challenger 3500,felső-középkategóriás business jet,2024,Mészáros Lőrinc,2024. 07. 10.,-,"9,6 milliárd Ft",6970,1,,3903.2000000000003
440214,440214,,,,2025-11-27,13:23:30,13:56:01,32.5,46.789124,23.691682,47.182705,27.618748,Landed,440214,OE-HOZ,Bombardier BD-100-1A-10 Challenger 3500,felső-középkategóriás business jet,2024,Mészáros Lőrinc,2024. 07. 10.,-,"9,6 milliárd Ft",6970,1,,3775.4166666666665
440214,440214,,,,2025-11-27,13:59:32,10:16:50,1217.3,47.177181,27.618462,51.27578,-0.776355,Landed,440214,OE-HOZ,Bombardier BD-100-1A-10 Challenger 3500,felső-középkategóriás business jet,2024,Mészáros Lőrinc,2024. 07. 10.,-,"9,6 milliárd Ft",6970,1,,141409.68333333335
440214,440214,,,,2025-12-01,12:53:19,15:38:22,165.0,51.27832,-0.768746,47.182709,27.618736,Landed,440214,OE-HOZ,Bombardier BD-100-1A-10 Challenger 3500,felső-középkategóriás business jet,2024,Mészáros Lőrinc,2024. 07. 10.,-,"9,6 milliárd Ft",6970,1,,19167.5
440214,440214,,,,2025-12-01,15:42:51,16:38:49,56.0,47.17775,27.618608,47.177776,27.618565,Landed,440214,OE-HOZ,Bombardier BD-100-1A-10 Challenger 3500,felső-középkategóriás business jet,2024,Mészáros Lőrinc,2024. 07. 10.,-,"9,6 milliárd Ft",6970,1,,6505.333333333333
440214,440214,,,,2025-12-01,16:42:38,17:40:00,57.4,47.174881,27.625671,47.435997,19.241321,Landed,440214,OE-HOZ,Bombardier BD-100-1A-10 Challenger 3500,felső-középkategóriás business jet,2024,Mészáros Lőrinc,2024. 07. 10.,-,"9,6 milliárd Ft",6970,1,,6667.966666666666
440214,440214,,,,2025-12-04,08:29:35,10:00:30,90.9,47.442456,19.230863,46.244365,6.118217,Landed,440214,OE-HOZ,Bombardier BD-100-1A-10 Challenger 3500,felső-középkategóriás business jet,2024,Mészáros Lőrinc,2024. 07. 10.,-,"9,6 milliárd Ft",6970,1,,10559.550000000001
440214,440214,,,,2025-12-04,16:58:12,17:45:32,47.3,46.235683,6.105446,48.964307,2.431863,Landed,440214,OE-HOZ,Bombardier BD-100-1A-10 Challenger 3500,felső-középkategóriás business jet,2024,Mészáros Lőrinc,2024. 07. 10.,-,"9,6 milliárd Ft",6970,1,,5494.683333333333
440214,440214,,,,2025-12-05,20:39:22,22:25:03,105.7,48.972427,2.452275,47.427509,19.286516,Landed,440214,OE-HOZ,Bombardier BD-100-1A-10 Challenger 3500,felső-középkategóriás business jet,2024,Mészáros Lőrinc,2024. 07. 10.,-,"9,6 milliárd Ft",6970,1,,12278.816666666668
440214,440214,,,,2025-12-08,08:29:59,11:32:36,182.6,47.44227,19.262695,66.570224,25.840811,Landed,440214,OE-HOZ,Bombardier BD-100-1A-10 Challenger 3500,felső-középkategóriás business jet,2024,Mészáros Lőrinc,2024. 07. 10.,-,"9,6 milliárd Ft",6970,1,,21212.033333333333
440214,440214,,,,2025-12-08,13:07:47,15:26:10,138.4,66.569641,25.839605,52.162594,20.969887,Landed,440214,OE-HOZ,Bombardier BD-100-1A-10 Challenger 3500,felső-középkategóriás business jet,2024,Mészáros Lőrinc,2024. 07. 10.,-,"9,6 milliárd Ft",6970,1,,16077.466666666667
440214,440214,,,,2025-12-13,05:44:24,08:06:27,142.0,52.169907,20.952225,66.569479,25.839313,Landed,440214,OE-HOZ,Bombardier BD-100-1A-10 Challenger 3500,felső-középkategóriás business jet,2024,Mészáros Lőrinc,2024. 07. 10.,-,"9,6 milliárd Ft",6970,1,,16495.666666666668
440214,440214,,,,2025-12-13,09:31:27,12:32:09,180.7,66.572028,25.844213,47.431284,19.248962,Landed,440214,OE-HOZ,Bombardier BD-100-1A-10 Challenger 3500,felső-középkategóriás business jet,2024,Mészáros Lőrinc,2024. 07. 10.,-,"9,6 milliárd Ft",6970,1,,20991.316666666666
440214,440214,,,,2025-12-14,09:23:27,14:21:46,298.3,47.440521,19.233833,24.89019,55.172705,Landed,440214,OE-HOZ,Bombardier BD-100-1A-10 Challenger 3500,felső-középkategóriás business jet,2024,Mészáros Lőrinc,2024. 07. 10.,-,"9,6 milliárd Ft",6970,1,,34652.51666666667
440214,440214,,,,2025-12-18,08:41:10,14:23:18,342.1,24.898911,55.157064,47.446152,19.224907,Landed,440214,OE-HOZ,Bombardier BD-100-1A-10 Challenger 3500,felső-középkategóriás business jet,2024,Mészáros Lőrinc,2024. 07. 10.,-,"9,6 milliárd Ft",6970,1,,39740.61666666667
440214,440214,,,,2025-12-23,12:03:53,13:49:53,106.0,47.442456,19.230863,47.44305,19.22993,Landed,440214,OE-HOZ,Bombardier BD-100-1A-10 Challenger 3500,felső-középkategóriás business jet,2024,Mészáros Lőrinc,2024. 07. 10.,-,"9,6 milliárd Ft",6970,1,,12313.666666666666
440214,440214,,,,2025-12-27,10:37:05,14:21:20,11744.3,47.433798,19.244948,45.780076,5.878853,Landed,440214,OE-HOZ,Bombardier BD-100-1A-10 Challenger 3500,felső-középkategóriás business jet,2024,Mészáros Lőrinc,2024. 07. 10.,-,"9,6 milliárd Ft",6970,1,,1364296.183333333
440214,440214,,,,2026-01-04,14:21:20,14:30:29,9.1,45.78035,5.879092,46.509968,6.80694,Landed,440214,OE-HOZ,Bombardier BD-100-1A-10 Challenger 3500,felső-középkategóriás business jet,2024,Mészáros Lőrinc,2024. 07. 10.,-,"9,6 milliárd Ft",6970,1,,1057.1166666666668
440214,440214,,,,2026-01-04,14:30:29,14:40:38,10.1,46.510117,6.807169,46.94749,8.755487,Landed,440214,OE-HOZ,Bombardier BD-100-1A-10 Challenger 3500,felső-középkategóriás business jet,2024,Mészáros Lőrinc,2024. 07. 10.,-,"9,6 milliárd Ft",6970,1,,1173.2833333333333
440214,440214,,,,2026-01-04,14:40:38,14:42:40,2.0,46.947693,8.756516,47.020111,9.168486,Landed,440214,OE-HOZ,Bombardier BD-100-1A-10 Challenger 3500,felső-középkategóriás business jet,2024,Mészáros Lőrinc,2024. 07. 10.,-,"9,6 milliárd Ft",6970,1,,232.33333333333334
440214,440214,,,,2026-01-04,14:42:40,14:45:09,2.5,47.02034,9.169807,47.106686,9.673531,Landed,440214,OE-HOZ,Bombardier BD-100-1A-10 Challenger 3500,felső-középkategóriás business jet,2024,Mészáros Lőrinc,2024. 07. 10.,-,"9,6 milliárd Ft",6970,1,,290.41666666666663
440214,440214,,,,2026-01-04,14:45:10,14:49:58,4.8,47.106954,9.675223,47.164749,10.663376,Landed,440214,OE-HOZ,Bombardier BD-100-1A-10 Challenger 3500,felső-középkategóriás business jet,2024,Mészáros Lőrinc,2024. 07. 10.,-,"9,6 milliárd Ft",6970,1,,557.6
440214,440214,,,,2026-01-04,14:49:58,14:55:43,5.7,47.164719,10.665115,47.151749,11.869249,Landed,440214,OE-HOZ,Bombardier BD-100-1A-10 Challenger 3500,felső-középkategóriás business jet,2024,Mészáros Lőrinc,2024. 07. 10.,-,"9,6 milliárd Ft",6970,1,,662.15
440214,440214,,,,2026-01-04,14:55:43,14:56:58,1.3,47.151764,11.869629,47.147141,12.133114,Landed,440214,OE-HOZ,Bombardier BD-100-1A-10 Challenger 3500,felső-középkategóriás business jet,2024,Mészáros Lőrinc,2024. 07. 10.,-,"9,6 milliárd Ft",6970,1,,151.01666666666668
440214,440214,,,,2026-01-04,14:57:19,14:58:28,1.2,47.145813,12.204712,47.140879,12.447351,Landed,440214,OE-HOZ,Bombardier BD-100-1A-10 Challenger 3500,felső-középkategóriás business jet,2024,Mészáros Lőrinc,2024. 07. 10.,-,"9,6 milliárd Ft",6970,1,,139.4
440214,440214,,,,2026-01-04,14:58:29,15:01:08,2.7,47.140844,12.448073,47.127542,13.007724,Landed,440214,OE-HOZ,Bombardier BD-100-1A-10 Challenger 3500,felső-középkategóriás business jet,2024,Mészáros Lőrinc,2024. 07. 10.,-,"9,6 milliárd Ft",6970,1,,313.65000000000003
440214,440214,,,,2026-01-04,15:01:08,15:02:59,1.8,47.12753,13.007742,47.116823,13.392052,Landed,440214,OE-HOZ,Bombardier BD-100-1A-10 Challenger 3500,felső-középkategóriás business jet,2024,Mészáros Lőrinc,2024. 07. 10.,-,"9,6 milliárd Ft",6970,1,,209.10000000000002
440214,440214,,,,2026-01-04,15:02:59,15:03:23,0.4,47.116777,13.393461,47.11424,13.478288,Landed,440214,OE-HOZ,Bombardier BD-100-1A-10 Challenger 3500,felső-középkategóriás business jet,2024,Mészáros Lőrinc,2024. 07. 10.,-,"9,6 milliárd Ft",6970,1,,46.46666666666667
440214,440214,,,,2026-01-04,15:03:24,15:03:53,0.5,47.114216,13.479661,47.111012,13.583118,Landed,440214,OE-HOZ,Bombardier BD-100-1A-10 Challenger 3500,felső-középkategóriás business jet,2024,Mészáros Lőrinc,2024. 07. 10.,-,"9,6 milliárd Ft",6970,1,,58.083333333333336
440214,440214,,,,2026-01-04,15:03:54,15:06:43,2.8,47.110977,13.584526,47.09094,14.17562,Landed,440214,OE-HOZ,Bombardier BD-100-1A-10 Challenger 3500,felső-középkategóriás business jet,2024,Mészáros Lőrinc,2024. 07. 10.,-,"9,6 milliárd Ft",6970,1,,325.26666666666665
440214,440214,,,,2026-01-04,15:06:44,15:07:49,1.1,47.090894,14.177011,47.08241,14.403147,Landed,440214,OE-HOZ,Bombardier BD-100-1A-10 Challenger 3500,felső-középkategóriás business jet,2024,Mészáros Lőrinc,2024. 07. 10.,-,"9,6 milliárd Ft",6970,1,,127.78333333333333
440214,440214,,,,2026-01-04,15:07:49,15:10:24,2.6,47.082413,14.403488,47.0602,14.947638,Landed,440214,OE-HOZ,Bombardier BD-100-1A-10 Challenger 3500,felső-középkategóriás business jet,2024,Mészáros Lőrinc,2024. 07. 10.,-,"9,6 milliárd Ft",6970,1,,302.03333333333336
440214,440214,,,,2026-01-04,15:10:24,15:10:28,0.1,47.060169,14.94873,47.059444,14.965181,Landed,440214,OE-HOZ,Bombardier BD-100-1A-10 Challenger 3500,felső-középkategóriás business jet,2024,Mészáros Lőrinc,2024. 07. 10.,-,"9,6 milliárd Ft",6970,1,,11.616666666666667
440214,440214,,,,2026-01-04,15:10:29,15:23:07,12.6,47.059433,14.965851,47.151272,17.628602,Landed,440214,OE-HOZ,Bombardier BD-100-1A-10 Challenger 3500,felső-középkategóriás business jet,2024,Mészáros Lőrinc,2024. 07. 10.,-,"9,6 milliárd Ft",6970,1,,1463.7
440214,440214,,,,2026-01-04,15:23:07,15:25:43,2.6,47.15126,17.628937,47.173466,18.112934,Landed,440214,OE-HOZ,Bombardier BD-100-1A-10 Challenger 3500,felső-középkategóriás business jet,2024,Mészáros Lőrinc,2024. 07. 10.,-,"9,6 milliárd Ft",6970,1,,302.03333333333336
440214,440214,,,,2026-01-04,15:25:43,15:39:43,14.0,47.173508,18.113777,47.375537,19.338843,Landed,440214,OE-HOZ,Bombardier BD-100-1A-10 Challenger 3500,felső-középkategóriás business jet,2024,Mészáros Lőrinc,2024. 07. 10.,-,"9,6 milliárd Ft",6970,1,,1626.3333333333333
440214,440214,,,,2026-01-04,15:39:46,15:41:57,2.2,47.377396,19.335938,47.428386,19.253628,Landed,440214,OE-HOZ,Bombardier BD-100-1A-10 Challenger 3500,felső-középkategóriás business jet,2024,Mészáros Lőrinc,2024. 07. 10.,-,"9,6 milliárd Ft",6970,1,,255.56666666666666
440214,440214,,,,2026-01-04,15:41:57,15:42:16,0.3,47.428444,19.25354,47.435165,19.242674,Landed,440214,OE-HOZ,Bombardier BD-100-1A-10 Challenger 3500,felső-középkategóriás business jet,2024,Mészáros Lőrinc,2024. 07. 10.,-,"9,6 milliárd Ft",6970,1,,34.85
440214,440214,,,,2026-01-11,13:37:56,16:19:59,162.0,47.432556,19.246948,32.0143,34.897791,Landed,440214,OE-HOZ,Bombardier BD-100-1A-10 Challenger 3500,felső-középkategóriás business jet,2024,Mészáros Lőrinc,2024. 07. 10.,-,"9,6 milliárd Ft",6970,1,,18819.0
440214,440214,,,,2026-01-12,18:28:05,21:32:22,184.3,32.017044,34.888184,47.428116,19.285538,Landed,440214,OE-HOZ,Bombardier BD-100-1A-10 Challenger 3500,felső-középkategóriás business jet,2024,Mészáros Lőrinc,2024. 07. 10.,-,"9,6 milliárd Ft",6970,1,,21409.516666666666
440214,440214,,,,2026-01-20,11:15:46,12:32:34,76.8,47.440613,19.233971,47.47633,8.543982,Landed,440214,OE-HOZ,Bombardier BD-100-1A-10 Challenger 3500,felső-középkategóriás business jet,2024,Mészáros Lőrinc,2024. 07. 10.,-,"9,6 milliárd Ft",6970,1,,8921.6
440214,440214,,,,2026-01-20,13:49:40,14:21:52,32.2,47.456981,8.564899,45.441781,9.277418,Landed,440214,OE-HOZ,Bombardier BD-100-1A-10 Challenger 3500,felső-középkategóriás business jet,2024,Mészáros Lőrinc,2024. 07. 10.,-,"9,6 milliárd Ft",6970,1,,3740.566666666667
440214,440214,,,,2026-01-24,12:48:53,13:25:15,36.4,45.441362,9.277485,47.476273,8.544033,Landed,440214,OE-HOZ,Bombardier BD-100-1A-10 Challenger 3500,felső-középkategóriás business jet,2024,Mészáros Lőrinc,2024. 07. 10.,-,"9,6 milliárd Ft",6970,1,,4228.466666666667
440214,440214,,,,2026-01-24,14:08:49,15:18:34,69.8,47.457027,8.564688,47.443155,19.229789,Landed,440214,OE-HOZ,Bombardier BD-100-1A-10 Challenger 3500,felső-középkategóriás business jet,2024,Mészáros Lőrinc,2024. 07. 10.,-,"9,6 milliárd Ft",6970,1,,8108.433333333333
440214,440214,,,,2026-02-01,15:17:41,16:51:27,2973.8,47.437088,19.271049,47.442701,19.230546,Landed,440214,OE-HOZ,Bombardier BD-100-1A-10 Challenger 3500,felső-középkategóriás business jet,2024,Mészáros Lőrinc,2024. 07. 10.,-,"9,6 milliárd Ft",6970,1,,345456.43333333335
440392,440392,OE-7125,PISI,,2025-05-03,22:01:57,08:35:41,633.7,32.120811,-110.94493,48.095181,16.588566,Landed,440392,OE-IAV,Bombardier BD-700-2A12 Global 7500,ultra nagy hatótávolságú business jet,2023,Szijj László,2025. 05. 08.,-,"27,5 milliárd Ft",9500,1,,100335.83333333334
440392,440392,OE-7125,PISI,,2025-05-06,09:20:06,09:49:49,29.7,48.11087,16.570198,49.151657,16.69013,Landed,440392,OE-IAV,Bombardier BD-700-2A12 Global 7500,ultra nagy hatótávolságú business jet,2023,Szijj László,2025. 05. 08.,-,"27,5 milliárd Ft",9500,1,,4702.5
440392,440392,OE-7125,PISI,,2025-05-06,09:49:50,09:56:52,7.0,49.151575,16.691196,49.152122,16.685215,Landed,440392,OE-IAV,Bombardier BD-700-2A12 Global 7500,ultra nagy hatótávolságú business jet,2023,Szijj László,2025. 05. 08.,-,"27,5 milliárd Ft",9500,1,,1108.3333333333333
440392,440392,OE-7125,PISI,,2025-05-06,09:57:00,10:03:33,6.5,49.151642,16.690838,49.151901,16.687202,Landed,440392,OE-IAV,Bombardier BD-700-2A12 Global 7500,ultra nagy hatótávolságú business jet,2023,Szijj László,2025. 05. 08.,-,"27,5 milliárd Ft",9500,1,,1029.1666666666667
440392,440392,OE-7125,PISI,,2025-05-06,10:03:33,10:13:38,10.1,49.151854,16.687726,49.151951,16.686824,Landed,440392,OE-IAV,Bombardier BD-700-2A12 Global 7500,ultra nagy hatótávolságú business jet,2023,Szijj László,2025. 05. 08.,-,"27,5 milliárd Ft",9500,1,,1599.1666666666667
440392,440392,OE-7125,PISI,,2025-05-06,10:13:46,10:19:23,5.6,49.151529,16.691846,49.151905,16.687211,Landed,440392,OE-IAV,Bombardier BD-700-2A12 Global 7500,ultra nagy hatótávolságú business jet,2023,Szijj László,2025. 05. 08.,-,"27,5 milliárd Ft",9500,1,,886.6666666666666
440392,440392,OE-7125,PISI,,2025-05-06,10:42:13,11:05:03,22.8,49.152413,16.681294,48.095829,16.588299,Landed,440392,OE-IAV,Bombardier BD-700-2A12 Global 7500,ultra nagy hatótávolságú business jet,2023,Szijj László,2025. 05. 08.,-,"27,5 milliárd Ft",9500,1,,3610.0
440392,440392,OE-7125,PISI,,2025-05-06,14:40:28,15:14:02,33.6,48.111511,16.568138,49.151722,16.689254,Landed,440392,OE-IAV,Bombardier BD-700-2A12 Global 7500,ultra nagy hatótávolságú business jet,2023,Szijj László,2025. 05. 08.,-,"27,5 milliárd Ft",9500,1,,5320.000000000001
440392,440392,OE-7125,PISI,,2025-05-06,15:14:07,15:23:36,9.5,49.151413,16.69281,49.151779,16.688497,Landed,440392,OE-IAV,Bombardier BD-700-2A12 Global 7500,ultra nagy hatótávolságú business jet,2023,Szijj László,2025. 05. 08.,-,"27,5 milliárd Ft",9500,1,,1504.1666666666665
440392,440392,OE-7125,PISI,,2025-05-06,15:39:55,16:04:10,24.3,49.152328,16.681965,48.096562,16.588,Landed,440392,OE-IAV,Bombardier BD-700-2A12 Global 7500,ultra nagy hatótávolságú business jet,2023,Szijj László,2025. 05. 08.,-,"27,5 milliárd Ft",9500,1,,3847.5000000000005
440392,440392,OE-7125,PISI,,2025-05-07,07:43:56,08:09:20,25.4,48.11104,16.569566,46.985733,15.441044,Landed,440392,OE-IAV,Bombardier BD-700-2A12 Global 7500,ultra nagy hatótávolságú business jet,2023,Szijj László,2025. 05. 08.,-,"27,5 milliárd Ft",9500,1,,4021.666666666666
440392,440392,OE-7125,PISI,,2025-05-07,08:19:00,09:14:12,55.2,47.000244,15.437096,47.987059,10.22836,Landed,440392,OE-IAV,Bombardier BD-700-2A12 Global 7500,ultra nagy hatótávolságú business jet,2023,Szijj László,2025. 05. 08.,-,"27,5 milliárd Ft",9500,1,,8740.0
440392,440392,OE-7125,PISI,,2025-05-07,09:27:48,09:52:55,25.1,47.990749,10.244962,49.498913,11.07608,Landed,440392,OE-IAV,Bombardier BD-700-2A12 Global 7500,ultra nagy hatótávolságú business jet,2023,Szijj László,2025. 05. 08.,-,"27,5 milliárd Ft",9500,1,,3974.1666666666665
440392,440392,OE-7125,PISI,,2025-05-07,10:13:02,11:00:57,47.9,49.499725,11.067425,48.093773,16.589252,Landed,440392,OE-IAV,Bombardier BD-700-2A12 Global 7500,ultra nagy hatótávolságú business jet,2023,Szijj László,2025. 05. 08.,-,"27,5 milliárd Ft",9500,1,,7584.166666666667
440392,440392,OE-7125,PISI,,2025-05-08,06:32:56,07:05:51,32.9,48.110916,16.569992,47.43877,19.236872,Landed,440392,OE-IAV,Bombardier BD-700-2A12 Global 7500,ultra nagy hatótávolságú business jet,2023,Szijj László,2025. 05. 08.,-,"27,5 milliárd Ft",9500,1,,5209.166666666667
440392,440392,OE-7125,PISI,,2025-05-08,07:40:35,08:38:40,58.1,47.433798,19.244878,42.696956,23.409869,Landed,440392,OE-IAV,Bombardier BD-700-2A12 Global 7500,ultra nagy hatótávolságú business jet,2023,Szijj László,2025. 05. 08.,-,"27,5 milliárd Ft",9500,1,,9199.166666666668
440392,440392,OE-7125,PISI,,2025-05-08,16:04:45,17:13:46,69.0,42.695525,23.432688,47.436699,19.240133,Landed,440392,OE-IAV,Bombardier BD-700-2A12 Global 7500,ultra nagy hatótávolságú business jet,2023,Szijj László,2025. 05. 08.,-,"27,5 milliárd Ft",9500,1,,10925.0
440392,440392,OE-7125,PISI,,2025-05-08,17:46:37,18:16:32,29.9,47.433053,19.246075,48.095014,16.588686,Landed,440392,OE-IAV,Bombardier BD-700-2A12 Global 7500,ultra nagy hatótávolságú business jet,2023,Szijj László,2025. 05. 08.,-,"27,5 milliárd Ft",9500,1,,4734.166666666666
440392,440392,OE-7125,PISI,,2025-05-09,10:29:09,11:08:20,39.2,48.115183,16.556889,47.435881,19.241427,Landed,440392,OE-IAV,Bombardier BD-700-2A12 Global 7500,ultra nagy hatótávolságú business jet,2023,Szijj László,2025. 05. 08.,-,"27,5 milliárd Ft",9500,1,,6206.666666666668
440392,440392,OE-7125,PISI,,2025-05-09,12:37:45,13:38:12,60.5,47.434356,19.243962,45.709654,25.52706,Landed,440392,OE-IAV,Bombardier BD-700-2A12 Global 7500,ultra nagy hatótávolságú business jet,2023,Szijj László,2025. 05. 08.,-,"27,5 milliárd Ft",9500,1,,9579.166666666666
440392,440392,OE-7125,PISI,,2025-05-10,13:06:13,13:58:55,52.7,45.699783,25.516685,47.437145,19.239464,Landed,440392,OE-IAV,Bombardier BD-700-2A12 Global 7500,ultra nagy hatótávolságú business jet,2023,Szijj László,2025. 05. 08.,-,"27,5 milliárd Ft",9500,1,,8344.166666666668
440392,440392,OE-7125,PISI,,2025-05-10,14:31:50,15:01:10,29.3,47.440641,19.233891,48.095833,16.58836,Landed,440392,OE-IAV,Bombardier BD-700-2A12 Global 7500,ultra nagy hatótávolságú business jet,2023,Szijj László,2025. 05. 08.,-,"27,5 milliárd Ft",9500,1,,4639.166666666667
440392,440392,OE-7125,PISI,,2025-05-10,15:47:10,15:48:01,0.9,48.12561,16.535832,48.125633,16.535797,Landed,440392,OE-IAV,Bombardier BD-700-2A12 Global 7500,ultra nagy hatótávolságú business jet,2023,Szijj László,2025. 05. 08.,-,"27,5 milliárd Ft",9500,1,,142.5
440392,440392,OE-7125,PISI,,2025-05-11,09:00:12,09:27:33,27.4,48.112335,16.565598,47.44376,19.228838,Landed,440392,OE-IAV,Bombardier BD-700-2A12 Global 7500,ultra nagy hatótávolságú business jet,2023,Szijj László,2025. 05. 08.,-,"27,5 milliárd Ft",9500,1,,4338.333333333333
440392,440392,OE-7125,PISI,,2025-05-11,11:26:38,13:38:51,132.2,47.442317,19.231145,53.333427,-2.853522,Landed,440392,OE-IAV,Bombardier BD-700-2A12 Global 7500,ultra nagy hatótávolságú business jet,2023,Szijj László,2025. 05. 08.,-,"27,5 milliárd Ft",9500,1,,20931.666666666664
440392,440392,OE-7125,PISI,,2025-05-11,18:40:46,20:44:04,123.3,53.333223,-2.858626,47.442478,19.230812,Landed,440392,OE-IAV,Bombardier BD-700-2A12 Global 7500,ultra nagy hatótávolságú business jet,2023,Szijj László,2025. 05. 08.,-,"27,5 milliárd Ft",9500,1,,19522.5
440392,440392,OE-7125,PISI,,2025-05-12,07:38:30,08:49:04,70.6,47.441991,19.263118,47.472855,8.548684,Landed,440392,OE-IAV,Bombardier BD-700-2A12 Global 7500,ultra nagy hatótávolságú business jet,2023,Szijj László,2025. 05. 08.,-,"27,5 milliárd Ft",9500,1,,11178.333333333332
440392,440392,OE-7125,PISI,,2025-05-13,11:56:02,13:13:38,77.6,47.456981,8.564758,47.429654,19.283083,Landed,440392,OE-IAV,Bombardier BD-700-2A12 Global 7500,ultra nagy hatótávolságú business jet,2023,Szijj László,2025. 05. 08.,-,"27,5 milliárd Ft",9500,1,,12286.666666666666
440392,440392,OE-7125,PISI,,2025-05-13,13:46:59,14:12:15,25.3,47.436356,19.272217,48.096492,16.588017,Landed,440392,OE-IAV,Bombardier BD-700-2A12 Global 7500,ultra nagy hatótávolságú business jet,2023,Szijj László,2025. 05. 08.,-,"27,5 milliárd Ft",9500,1,,4005.8333333333335
440392,440392,OE-7125,PISI,,2025-05-20,08:12:47,08:45:37,32.8,48.105174,16.584355,47.436637,19.24023,Landed,440392,OE-IAV,Bombardier BD-700-2A12 Global 7500,ultra nagy hatótávolságú business jet,2023,Szijj László,2025. 05. 08.,-,"27,5 milliárd Ft",9500,1,,5193.333333333333
440392,440392,OE-7125,PISI,,2025-05-20,10:17:30,11:04:18,46.8,47.44078,19.233539,50.096706,14.268819,Landed,440392,OE-IAV,Bombardier BD-700-2A12 Global 7500,ultra nagy hatótávolságú business jet,2023,Szijj László,2025. 05. 08.,-,"27,5 milliárd Ft",9500,1,,7409.999999999999
440392,440392,OE-7125,PISI,,2025-05-20,15:33:28,16:19:38,46.2,50.093262,14.275938,50.07811,19.787606,Landed,440392,OE-IAV,Bombardier BD-700-2A12 Global 7500,ultra nagy hatótávolságú business jet,2023,Szijj László,2025. 05. 08.,-,"27,5 milliárd Ft",9500,1,,7315.0
440392,440392,OE-7125,PISI,,2025-05-21,09:30:13,10:07:56,37.7,50.0793,19.796062,47.443981,19.228416,Landed,440392,OE-IAV,Bombardier BD-700-2A12 Global 7500,ultra nagy hatótávolságú business jet,2023,Szijj László,2025. 05. 08.,-,"27,5 milliárd Ft",9500,1,,5969.166666666667
440392,440392,OE-7125,PISI,,2025-05-21,10:41:27,11:11:19,29.9,47.442856,19.230194,48.112541,16.581221,Landed,440392,OE-IAV,Bombardier BD-700-2A12 Global 7500,ultra nagy hatótávolságú business jet,2023,Szijj László,2025. 05. 08.,-,"27,5 milliárd Ft",9500,1,,4734.166666666666
440392,440392,OE-7125,PISI,,2025-06-12,09:03:59,09:35:15,31.3,48.114349,16.559418,47.437695,19.238588,Landed,440392,OE-IAV,Bombardier BD-700-2A12 Global 7500,ultra nagy hatótávolságú business jet,2023,Szijj László,2025. 05. 08.,-,"27,5 milliárd Ft",9500,1,,4955.833333333334
440392,440392,OE-7125,PISI,,2025-06-12,14:07:57,17:53:49,225.9,47.434296,19.244064,63.985015,-22.608215,Landed,440392,OE-IAV,Bombardier BD-700-2A12 Global 7500,ultra nagy hatótávolságú business jet,2023,Szijj László,2025. 05. 08.,-,"27,5 milliárd Ft",9500,1,,35767.5
440392,440392,OE-7125,PISI,,2025-06-13,10:15:18,15:18:26,303.1,63.985073,-22.62052,43.167762,-79.926371,Landed,440392,OE-IAV,Bombardier BD-700-2A12 Global 7500,ultra nagy hatótávolságú business jet,2023,Szijj László,2025. 05. 08.,-,"27,5 milliárd Ft",9500,1,,47990.833333333336
440392,440392,OE-7125,PISI,,2025-06-14,15:19:56,16:51:01,91.1,43.175079,-79.921641,43.909537,-92.493259,Landed,440392,OE-IAV,Bombardier BD-700-2A12 Global 7500,ultra nagy hatótávolságú business jet,2023,Szijj László,2025. 05. 08.,-,"27,5 milliárd Ft",9500,1,,14424.166666666666
440392,440392,OE-7125,PISI,,2025-06-14,17:50:00,20:17:40,147.7,43.896759,-92.505798,37.031227,-113.511385,Landed,440392,OE-IAV,Bombardier BD-700-2A12 Global 7500,ultra nagy hatótávolságú business jet,2023,Szijj László,2025. 05. 08.,-,"27,5 milliárd Ft",9500,1,,23385.833333333332
440392,440392,OE-7125,PISI,,2025-06-16,16:46:52,17:33:17,46.4,37.037384,-113.509807,40.791641,-111.962082,Landed,440392,OE-IAV,Bombardier BD-700-2A12 Global 7500,ultra nagy hatótávolságú business jet,2023,Szijj László,2025. 05. 08.,-,"27,5 milliárd Ft",9500,1,,7346.666666666666
440392,440392,OE-7125,PISI,,2025-06-18,16:33:25,18:24:39,111.2,40.791367,-111.962097,32.816528,-97.360208,Landed,440392,OE-IAV,Bombardier BD-700-2A12 Global 7500,ultra nagy hatótávolságú business jet,2023,Szijj László,2025. 05. 08.,-,"27,5 milliárd Ft",9500,1,,17606.666666666668
440392,440392,OE-7125,PISI,,2025-06-21,14:39:16,17:00:49,141.5,32.826645,-97.361938,26.076965,-80.172211,Landed,440392,OE-IAV,Bombardier BD-700-2A12 Global 7500,ultra nagy hatótávolságú business jet,2023,Szijj László,2025. 05. 08.,-,"27,5 milliárd Ft",9500,1,,22404.166666666668
440392,440392,OE-7125,PISI,,2025-06-28,00:37:19,09:42:58,545.7,26.076736,-80.142517,47.43774,19.238468,Landed,440392,OE-IAV,Bombardier BD-700-2A12 Global 7500,ultra nagy hatótávolságú business jet,2023,Szijj László,2025. 05. 08.,-,"27,5 milliárd Ft",9500,1,,86402.5
440392,440392,OE-7125,PISI,,2025-06-28,11:12:22,11:38:32,26.2,47.440475,19.234108,48.095558,16.588394,Landed,440392,OE-IAV,Bombardier BD-700-2A12 Global 7500,ultra nagy hatótávolságú business jet,2023,Szijj László,2025. 05. 08.,-,"27,5 milliárd Ft",9500,1,,4148.333333333333
440392,440392,OE-7125,PISI,,2025-07-09,09:14:16,09:49:50,35.6,48.111319,16.568721,47.436916,19.239807,Landed,440392,OE-IAV,Bombardier BD-700-2A12 Global 7500,ultra nagy hatótávolságú business jet,2023,Szijj László,2025. 05. 08.,-,"27,5 milliárd Ft",9500,1,,5636.666666666667
440392,440392,OE-7125,PISI,,2025-07-09,12:26:52,10:55:18,4228.4,47.440018,19.234795,47.435886,19.241455,Landed,440392,OE-IAV,Bombardier BD-700-2A12 Global 7500,ultra nagy hatótávolságú business jet,2023,Szijj László,2025. 05. 08.,-,"27,5 milliárd Ft",9500,1,,669496.6666666666
440392,440392,OE-7125,PISI,,2025-07-12,12:01:13,12:32:14,31.0,47.440704,19.233765,48.113319,16.580858,Landed,440392,OE-IAV,Bombardier BD-700-2A12 Global 7500,ultra nagy hatótávolságú business jet,2023,Szijj László,2025. 05. 08.,-,"27,5 milliárd Ft",9500,1,,4908.333333333334
440392,440392,OE-7125,PISI,,2025-07-23,09:38:07,10:12:35,34.5,48.114304,16.559486,47.437122,19.239464,Landed,440392,OE-IAV,Bombardier BD-700-2A12 Global 7500,ultra nagy hatótávolságú business jet,2023,Szijj László,2025. 05. 08.,-,"27,5 milliárd Ft",9500,1,,5462.5
440392,440392,OE-7125,PISI,,2025-07-23,12:40:49,14:24:12,103.4,47.441153,19.233046,42.559615,18.272627,Landed,440392,OE-IAV,Bombardier BD-700-2A12 Global 7500,ultra nagy hatótávolságú business jet,2023,Szijj László,2025. 05. 08.,-,"27,5 milliárd Ft",9500,1,,16371.666666666668
440392,440392,OE-7125,PISI,,2025-07-26,10:20:32,12:26:17,125.8,42.565504,18.257744,47.441666,19.232203,Landed,440392,OE-IAV,Bombardier BD-700-2A12 Global 7500,ultra nagy hatótávolságú business jet,2023,Szijj László,2025. 05. 08.,-,"27,5 milliárd Ft",9500,1,,19918.333333333332
440392,440392,OE-7125,PISI,,2025-07-26,13:35:18,14:04:56,29.6,47.442352,19.231087,48.097772,16.587542,Landed,440392,OE-IAV,Bombardier BD-700-2A12 Global 7500,ultra nagy hatótávolságú business jet,2023,Szijj László,2025. 05. 08.,-,"27,5 milliárd Ft",9500,1,,4686.666666666667
440392,440392,OE-7125,PISI,,2025-09-01,08:47:15,11:14:43,5907.5,48.115509,16.579989,47.61051,7.514825,Landed,440392,OE-IAV,Bombardier BD-700-2A12 Global 7500,ultra nagy hatótávolságú business jet,2023,Szijj László,2025. 05. 08.,-,"27,5 milliárd Ft",9500,1,,935354.1666666666
440392,440392,OE-7125,PISI,,2025-09-25,04:09:40,04:13:51,4.2,47.586349,7.525934,47.586342,7.525927,Landed,440392,OE-IAV,Bombardier BD-700-2A12 Global 7500,ultra nagy hatótávolságú business jet,2023,Szijj László,2025. 05. 08.,-,"27,5 milliárd Ft",9500,1,,665.0000000000001
440392,440392,OE-7125,PISI,,2025-09-25,04:17:15,04:30:56,13.7,47.586349,7.525934,47.586338,7.525916,Landed,440392,OE-IAV,Bombardier BD-700-2A12 Global 7500,ultra nagy hatótávolságú business jet,2023,Szijj László,2025. 05. 08.,-,"27,5 milliárd Ft",9500,1,,2169.1666666666665
440392,440392,OE-7125,PISI,,2025-09-25,04:32:57,04:55:25,22.5,47.586342,7.525927,47.586314,7.525934,Landed,440392,OE-IAV,Bombardier BD-700-2A12 Global 7500,ultra nagy hatótávolságú business jet,2023,Szijj László,2025. 05. 08.,-,"27,5 milliárd Ft",9500,1,,3562.5
440392,440392,OE-7125,PISI,,2025-09-25,04:58:46,06:11:50,73.1,47.591237,7.528311,47.441828,19.231902,Landed,440392,OE-IAV,Bombardier BD-700-2A12 Global 7500,ultra nagy hatótávolságú business jet,2023,Szijj László,2025. 05. 08.,-,"27,5 milliárd Ft",9500,1,,11574.166666666666
440392,440392,OE-7125,PISI,,2025-09-25,07:42:44,08:33:43,51.0,47.442215,19.231224,50.106342,14.241245,Landed,440392,OE-IAV,Bombardier BD-700-2A12 Global 7500,ultra nagy hatótávolságú business jet,2023,Szijj László,2025. 05. 08.,-,"27,5 milliárd Ft",9500,1,,8075.0
440392,440392,OE-7125,PISI,,2025-09-26,09:12:06,10:08:06,56.0,50.109527,14.251866,47.442776,19.2304,Landed,440392,OE-IAV,Bombardier BD-700-2A12 Global 7500,ultra nagy hatótávolságú business jet,2023,Szijj László,2025. 05. 08.,-,"27,5 milliárd Ft",9500,1,,8866.666666666666
440392,440392,OE-7125,PISI,,2025-09-26,10:59:17,11:33:41,34.4,47.445877,19.225319,48.119698,16.543051,Landed,440392,OE-IAV,Bombardier BD-700-2A12 Global 7500,ultra nagy hatótávolságú business jet,2023,Szijj László,2025. 05. 08.,-,"27,5 milliárd Ft",9500,1,,5446.666666666667
440392,440392,OE-7125,PISI,,2025-10-01,11:29:32,12:02:16,32.7,48.094607,16.588862,47.436253,19.240889,Landed,440392,OE-IAV,Bombardier BD-700-2A12 Global 7500,ultra nagy hatótávolságú business jet,2023,Szijj László,2025. 05. 08.,-,"27,5 milliárd Ft",9500,1,,5177.5
440392,440392,OE-7125,PISI,,2025-10-01,13:58:46,14:57:25,58.7,47.435986,19.241356,48.341822,11.765255,Landed,440392,OE-IAV,Bombardier BD-700-2A12 Global 7500,ultra nagy hatótávolságú business jet,2023,Szijj László,2025. 05. 08.,-,"27,5 milliárd Ft",9500,1,,9294.166666666668
440392,440392,OE-7125,PISI,,2025-10-03,10:01:33,10:59:51,58.3,48.341263,11.758681,47.437568,19.238751,Landed,440392,OE-IAV,Bombardier BD-700-2A12 Global 7500,ultra nagy hatótávolságú business jet,2023,Szijj László,2025. 05. 08.,-,"27,5 milliárd Ft",9500,1,,9230.833333333332
440392,440392,OE-7125,PISI,,2025-10-03,11:25:30,11:54:25,28.9,47.44075,19.233627,48.094141,16.589003,Landed,440392,OE-IAV,Bombardier BD-700-2A12 Global 7500,ultra nagy hatótávolságú business jet,2023,Szijj László,2025. 05. 08.,-,"27,5 milliárd Ft",9500,1,,4575.833333333333
440392,440392,OE-7125,PISI,,2025-10-12,13:25:38,13:57:12,31.6,48.114019,16.560411,47.43449,19.243807,Landed,440392,OE-IAV,Bombardier BD-700-2A12 Global 7500,ultra nagy hatótávolságú business jet,2023,Szijj László,2025. 05. 08.,-,"27,5 milliárd Ft",9500,1,,5003.333333333334
440392,440392,OE-7125,PISI,,2025-10-12,16:28:51,20:20:25,231.6,47.434799,19.24324,63.991311,-22.605469,Landed,440392,OE-IAV,Bombardier BD-700-2A12 Global 7500,ultra nagy hatótávolságú business jet,2023,Szijj László,2025. 05. 08.,-,"27,5 milliárd Ft",9500,1,,36670.0
440392,440392,OE-7125,PISI,,2025-10-13,09:52:58,14:13:27,4580.5,63.977858,-22.605688,26.077097,-80.151245,Landed,440392,OE-IAV,Bombardier BD-700-2A12 Global 7500,ultra nagy hatótávolságú business jet,2023,Szijj László,2025. 05. 08.,-,"27,5 milliárd Ft",9500,1,,725245.8333333334
440392,440392,OE-7125,PISI,,2025-10-16,14:18:51,14:59:29,40.6,26.076874,-80.15283,27.901794,-82.686992,Landed,440392,OE-IAV,Bombardier BD-700-2A12 Global 7500,ultra nagy hatótávolságú business jet,2023,Szijj László,2025. 05. 08.,-,"27,5 milliárd Ft",9500,1,,6428.333333333333
440392,440392,OE-7125,PISI,,2025-10-18,13:58:10,14:37:45,39.6,27.915848,-82.689428,26.077011,-80.169931,Landed,440392,OE-IAV,Bombardier BD-700-2A12 Global 7500,ultra nagy hatótávolságú business jet,2023,Szijj László,2025. 05. 08.,-,"27,5 milliárd Ft",9500,1,,6270.0
440392,440392,OE-7125,PISI,,2025-10-24,14:21:16,13:42:10,1400.9,26.076795,-80.151232,47.437454,19.238897,Landed,440392,OE-IAV,Bombardier BD-700-2A12 Global 7500,ultra nagy hatótávolságú business jet,2023,Szijj László,2025. 05. 08.,-,"27,5 milliárd Ft",9500,1,,221809.1666666667
440392,440392,OE-7125,PISI,,2025-10-25,14:51:43,15:22:37,30.9,47.441106,19.233046,48.113331,16.580841,Landed,440392,OE-IAV,Bombardier BD-700-2A12 Global 7500,ultra nagy hatótávolságú business jet,2023,Szijj László,2025. 05. 08.,-,"27,5 milliárd Ft",9500,1,,4892.5
440392,440392,OE-7125,PISI,,2025-11-19,11:16:28,11:46:51,30.4,48.102173,16.585648,47.437883,19.238293,Landed,440392,OE-IAV,Bombardier BD-700-2A12 Global 7500,ultra nagy hatótávolságú business jet,2023,Szijj László,2025. 05. 08.,-,"27,5 milliárd Ft",9500,1,,4813.333333333333
440392,440392,OE-7125,PISI,,2025-11-19,13:15:50,14:32:21,76.5,47.442456,19.230863,45.444551,9.2771,Landed,440392,OE-IAV,Bombardier BD-700-2A12 Global 7500,ultra nagy hatótávolságú business jet,2023,Szijj László,2025. 05. 08.,-,"27,5 milliárd Ft",9500,1,,12112.5
440392,440392,OE-7125,PISI,,2025-11-19,14:42:41,14:53:21,10.7,45.456081,9.262799,45.456081,9.262799,Landed,440392,OE-IAV,Bombardier BD-700-2A12 Global 7500,ultra nagy hatótávolságú business jet,2023,Szijj László,2025. 05. 08.,-,"27,5 milliárd Ft",9500,1,,1694.1666666666665
440392,440392,OE-7125,PISI,,2025-11-19,14:56:18,15:03:49,7.5,45.456085,9.262798,45.456085,9.262798,Landed,440392,OE-IAV,Bombardier BD-700-2A12 Global 7500,ultra nagy hatótávolságú business jet,2023,Szijj László,2025. 05. 08.,-,"27,5 milliárd Ft",9500,1,,1187.5
440392,440392,OE-7125,PISI,,2025-11-19,15:05:46,14:51:49,1426.1,45.456085,9.262798,45.455326,9.262096,Landed,440392,OE-IAV,Bombardier BD-700-2A12 Global 7500,ultra nagy hatótávolságú business jet,2023,Szijj László,2025. 05. 08.,-,"27,5 milliárd Ft",9500,1,,225799.16666666666
440392,440392,OE-7125,PISI,,2025-11-20,15:09:14,15:59:19,50.1,45.441688,9.277418,48.095364,16.58848,Landed,440392,OE-IAV,Bombardier BD-700-2A12 Global 7500,ultra nagy hatótávolságú business jet,2023,Szijj László,2025. 05. 08.,-,"27,5 milliárd Ft",9500,1,,7932.500000000001
440392,440392,OE-7125,PISI,,2025-11-21,13:12:25,13:45:16,32.8,48.09335,16.589355,47.430279,19.282036,Landed,440392,OE-IAV,Bombardier BD-700-2A12 Global 7500,ultra nagy hatótávolságú business jet,2023,Szijj László,2025. 05. 08.,-,"27,5 milliárd Ft",9500,1,,5193.333333333333
440392,440392,OE-7125,PISI,,2025-11-25,11:56:06,13:10:34,74.5,47.437866,19.269814,47.474464,8.546505,Landed,440392,OE-IAV,Bombardier BD-700-2A12 Global 7500,ultra nagy hatótávolságú business jet,2023,Szijj László,2025. 05. 08.,-,"27,5 milliárd Ft",9500,1,,11795.833333333334
440392,440392,OE-7125,PISI,,2025-11-26,15:43:11,16:57:37,74.4,47.45712,8.563139,47.435966,19.241386,Landed,440392,OE-IAV,Bombardier BD-700-2A12 Global 7500,ultra nagy hatótávolságú business jet,2023,Szijj László,2025. 05. 08.,-,"27,5 milliárd Ft",9500,1,,11780.0
440392,440392,OE-7125,PISI,,2025-11-26,17:18:57,17:49:27,30.5,47.440567,19.233902,48.097132,16.587753,Landed,440392,OE-IAV,Bombardier BD-700-2A12 Global 7500,ultra nagy hatótávolságú business jet,2023,Szijj László,2025. 05. 08.,-,"27,5 milliárd Ft",9500,1,,4829.166666666666
440392,440392,OE-7125,PISI,,2025-12-08,09:59:28,21:09:09,669.7,48.111832,16.567108,25.913589,-80.26943,Landed,440392,OE-IAV,Bombardier BD-700-2A12 Global 7500,ultra nagy hatótávolságú business jet,2023,Szijj László,2025. 05. 08.,-,"27,5 milliárd Ft",9500,1,,106035.83333333334
440392,440392,OE-7125,PISI,,2026-02-03,00:51:31,00:55:56,4.4,25.912977,-80.283913,25.914793,-80.245091,Landed,440392,OE-IAV,Bombardier BD-700-2A12 Global 7500,ultra nagy hatótávolságú business jet,2023,Szijj László,2025. 05. 08.,-,"27,5 milliárd Ft",9500,1,,696.6666666666666
440392,440392,OE-7125,PISI,,2026-02-03,02:08:35,10:22:43,494.1,25.91272,-80.289226,48.11971,16.543016,Landed,440392,OE-IAV,Bombardier BD-700-2A12 Global 7500,ultra nagy hatótávolságú business jet,2023,Szijj László,2025. 05. 08.,-,"27,5 milliárd Ft",9500,1,,78232.50000000001
440241,440241,,,,2024-09-04,11:15:36,18:36:14,440.6,45.454769,-73.745259,48.118628,16.546343,Landed,440241,OE-LOT,Bombardier BD-700-1A10 Global 6500,nagy hatótávolságú business jet,2024,Mészáros Lőrinc,2024. 09. 07.,-,22 milliárd Ft,9900,"1, 2",,72699.0
440241,440241,,,,2024-09-07,13:47:59,14:11:46,23.8,48.104599,16.584549,47.442852,19.230265,Landed,440241,OE-LOT,Bombardier BD-700-1A10 Global 6500,nagy hatótávolságú business jet,2024,Mészáros Lőrinc,2024. 09. 07.,-,22 milliárd Ft,9900,"1, 2",,3927.0
440241,440241,,,,2024-09-08,04:17:08,01:32:51,4155.7,47.444737,19.227131,47.428436,19.285023,Landed,440241,OE-LOT,Bombardier BD-700-1A10 Global 6500,nagy hatótávolságú business jet,2024,Mészáros Lőrinc,2024. 09. 07.,-,22 milliárd Ft,9900,"1, 2",,685690.5
440241,440241,,,,2024-09-11,02:55:27,03:34:16,38.8,47.437661,19.27009,48.233448,14.19453,Landed,440241,OE-LOT,Bombardier BD-700-1A10 Global 6500,nagy hatótávolságú business jet,2024,Mészáros Lőrinc,2024. 09. 07.,-,22 milliárd Ft,9900,"1, 2",,6401.999999999999
440241,440241,,,,2024-09-16,08:29:05,09:57:27,88.4,48.233425,14.193324,51.332489,0.033646,Landed,440241,OE-LOT,Bombardier BD-700-1A10 Global 6500,nagy hatótávolságú business jet,2024,Mészáros Lőrinc,2024. 09. 07.,-,22 milliárd Ft,9900,"1, 2",,14586.0
440241,440241,,,,2024-09-25,07:22:12,09:11:06,108.9,51.330688,0.032217,47.442833,19.230297,Landed,440241,OE-LOT,Bombardier BD-700-1A10 Global 6500,nagy hatótávolságú business jet,2024,Mészáros Lőrinc,2024. 09. 07.,-,22 milliárd Ft,9900,"1, 2",,17968.5
440241,440241,,,,2024-10-03,06:37:42,08:43:49,126.1,47.432168,19.278964,44.832016,-0.710544,Landed,440241,OE-LOT,Bombardier BD-700-1A10 Global 6500,nagy hatótávolságú business jet,2024,Mészáros Lőrinc,2024. 09. 07.,-,22 milliárd Ft,9900,"1, 2",,20806.5
440241,440241,,,,2024-10-04,10:03:25,12:03:50,120.4,44.828548,-0.715451,47.443611,19.229027,Landed,440241,OE-LOT,Bombardier BD-700-1A10 Global 6500,nagy hatótávolságú business jet,2024,Mészáros Lőrinc,2024. 09. 07.,-,22 milliárd Ft,9900,"1, 2",,19866.0
440241,440241,,,,2024-10-19,05:58:46,11:42:57,344.2,47.445156,19.226426,24.883141,55.172221,Landed,440241,OE-LOT,Bombardier BD-700-1A10 Global 6500,nagy hatótávolságú business jet,2024,Mészáros Lőrinc,2024. 09. 07.,-,22 milliárd Ft,9900,"1, 2",,56793.0
440241,440241,,,,2024-11-04,21:17:44,03:25:10,367.4,24.892044,55.169423,47.423492,19.292953,Landed,440241,OE-LOT,Bombardier BD-700-1A10 Global 6500,nagy hatótávolságú business jet,2024,Mészáros Lőrinc,2024. 09. 07.,-,22 milliárd Ft,9900,"1, 2",,60621.0
440241,440241,,,,2024-11-16,18:33:10,03:57:44,10644.6,47.434775,19.243328,47.423649,19.292767,Landed,440241,OE-LOT,Bombardier BD-700-1A10 Global 6500,nagy hatótávolságú business jet,2024,Mészáros Lőrinc,2024. 09. 07.,-,22 milliárd Ft,9900,"1, 2",,1756359.0
440241,440241,,,,2024-11-28,07:57:11,10:02:58,125.8,47.442856,19.230263,51.333735,0.034599,Landed,440241,OE-LOT,Bombardier BD-700-1A10 Global 6500,nagy hatótávolságú business jet,2024,Mészáros Lőrinc,2024. 09. 07.,-,22 milliárd Ft,9900,"1, 2",,20757.0
440241,440241,,,,2024-12-01,10:21:49,12:11:32,109.7,51.335015,0.035553,47.445948,19.225229,Landed,440241,OE-LOT,Bombardier BD-700-1A10 Global 6500,nagy hatótávolságú business jet,2024,Mészáros Lőrinc,2024. 09. 07.,-,22 milliárd Ft,9900,"1, 2",,18100.5
440241,440241,,,,2024-12-30,22:54:34,07:22:58,16348.4,47.444275,19.227928,47.435646,19.241884,Landed,440241,OE-LOT,Bombardier BD-700-1A10 Global 6500,nagy hatótávolságú business jet,2024,Mészáros Lőrinc,2024. 09. 07.,-,22 milliárd Ft,9900,"1, 2",,2697485.9999999995
440241,440241,,,,2025-01-18,18:15:11,05:55:36,7900.4,47.443771,19.228821,40.062868,116.601365,Landed,440241,OE-LOT,Bombardier BD-700-1A10 Global 6500,nagy hatótávolságú business jet,2024,Mészáros Lőrinc,2024. 09. 07.,-,22 milliárd Ft,9900,"1, 2",,1303565.9999999998
440241,440241,,,,2025-01-24,06:10:26,16:52:15,641.8,40.103439,116.592896,47.43559,19.242008,Landed,440241,OE-LOT,Bombardier BD-700-1A10 Global 6500,nagy hatótávolságú business jet,2024,Mészáros Lőrinc,2024. 09. 07.,-,22 milliárd Ft,9900,"1, 2",,105896.99999999999
440241,440241,,,,2025-01-28,14:02:10,15:38:52,96.7,47.443039,19.229988,52.355545,13.511026,Landed,440241,OE-LOT,Bombardier BD-700-1A10 Global 6500,nagy hatótávolságú business jet,2024,Mészáros Lőrinc,2024. 09. 07.,-,22 milliárd Ft,9900,"1, 2",,15955.500000000002
440241,440241,,,,2025-01-30,07:52:59,17:51:11,16438.2,52.357269,13.48442,52.364586,13.497803,Landed,440241,OE-LOT,Bombardier BD-700-1A10 Global 6500,nagy hatótávolságú business jet,2024,Mészáros Lőrinc,2024. 09. 07.,-,22 milliárd Ft,9900,"1, 2",,2712303.0000000005
440241,440241,,,,2025-02-10,18:01:47,19:01:48,60.0,52.372059,13.503296,47.431412,19.248665,Landed,440241,OE-LOT,Bombardier BD-700-1A10 Global 6500,nagy hatótávolságú business jet,2024,Mészáros Lőrinc,2024. 09. 07.,-,22 milliárd Ft,9900,"1, 2",,9900.0
440241,440241,,,,2025-02-12,19:57:25,10:22:26,10945.0,47.445017,19.226778,4.197301,73.527977,Landed,440241,OE-LOT,Bombardier BD-700-1A10 Global 6500,nagy hatótávolságú business jet,2024,Mészáros Lőrinc,2024. 09. 07.,-,22 milliárd Ft,9900,"1, 2",,1805925.0
440241,440241,,,,2025-02-20,10:42:31,20:46:58,604.5,4.19133,73.531029,47.450603,19.217764,Landed,440241,OE-LOT,Bombardier BD-700-1A10 Global 6500,nagy hatótávolságú business jet,2024,Mészáros Lőrinc,2024. 09. 07.,-,22 milliárd Ft,9900,"1, 2",,99742.5
440241,440241,,,,2025-03-02,12:55:53,23:42:16,646.4,47.444138,19.228203,40.789616,-111.962082,Landed,440241,OE-LOT,Bombardier BD-700-1A10 Global 6500,nagy hatótávolságú business jet,2024,Mészáros Lőrinc,2024. 09. 07.,-,22 milliárd Ft,9900,"1, 2",,106656.0
440241,440241,,,,2025-03-06,18:48:49,04:51:58,603.1,40.79425,-111.962097,47.44369,19.228909,Landed,440241,OE-LOT,Bombardier BD-700-1A10 Global 6500,nagy hatótávolságú business jet,2024,Mészáros Lőrinc,2024. 09. 07.,-,22 milliárd Ft,9900,"1, 2",,99511.50000000001
440241,440241,,,,2025-03-26,06:59:33,16:32:56,6333.4,47.433746,19.244957,47.435349,19.242382,Landed,440241,OE-LOT,Bombardier BD-700-1A10 Global 6500,nagy hatótávolságú business jet,2024,Mészáros Lőrinc,2024. 09. 07.,-,22 milliárd Ft,9900,"1, 2",,1045010.9999999999
440241,440241,,,,2025-04-06,12:01:33,13:06:32,65.0,47.433844,19.244807,52.365495,13.47583,Landed,440241,OE-LOT,Bombardier BD-700-1A10 Global 6500,nagy hatótávolságú business jet,2024,Mészáros Lőrinc,2024. 09. 07.,-,22 milliárd Ft,9900,"1, 2",,10725.0
440241,440241,,,,2025-04-13,17:49:05,18:39:56,50.8,52.3759,13.519669,49.151791,16.688426,Landed,440241,OE-LOT,Bombardier BD-700-1A10 Global 6500,nagy hatótávolságú business jet,2024,Mészáros Lőrinc,2024. 09. 07.,-,22 milliárd Ft,9900,"1, 2",,8381.999999999998
440241,440241,,,,2025-04-13,18:52:12,19:18:14,26.0,49.152413,16.681294,47.444801,19.22707,Landed,440241,OE-LOT,Bombardier BD-700-1A10 Global 6500,nagy hatótávolságú business jet,2024,Mészáros Lőrinc,2024. 09. 07.,-,22 milliárd Ft,9900,"1, 2",,4290.0
440241,440241,,,,2025-04-24,19:26:30,11:56:11,11069.7,47.434822,19.243188,-28.413574,21.258333,Landed,440241,OE-LOT,Bombardier BD-700-1A10 Global 6500,nagy hatótávolságú business jet,2024,Mészáros Lőrinc,2024. 09. 07.,-,22 milliárd Ft,9900,"1, 2",,1826500.5
440241,440241,,,,2025-05-02,12:01:28,13:04:17,62.8,-28.396957,21.25733,-33.954025,18.598284,Landed,440241,OE-LOT,Bombardier BD-700-1A10 Global 6500,nagy hatótávolságú business jet,2024,Mészáros Lőrinc,2024. 09. 07.,-,22 milliárd Ft,9900,"1, 2",,10362.0
440241,440241,,,,2025-05-03,19:06:56,05:47:45,640.8,-33.983963,18.607645,47.437056,19.239631,Landed,440241,OE-LOT,Bombardier BD-700-1A10 Global 6500,nagy hatótávolságú business jet,2024,Mészáros Lőrinc,2024. 09. 07.,-,22 milliárd Ft,9900,"1, 2",,105732.0
440241,440241,,,,2025-05-10,14:17:41,15:50:14,92.6,47.433937,19.244666,43.650833,7.20256,Landed,440241,OE-LOT,Bombardier BD-700-1A10 Global 6500,nagy hatótávolságú business jet,2024,Mészáros Lőrinc,2024. 09. 07.,-,22 milliárd Ft,9900,"1, 2",,15278.999999999998
440241,440241,,,,2025-05-11,07:04:19,08:27:08,82.8,43.656464,7.21591,47.443108,19.229824,Landed,440241,OE-LOT,Bombardier BD-700-1A10 Global 6500,nagy hatótávolságú business jet,2024,Mészáros Lőrinc,2024. 09. 07.,-,22 milliárd Ft,9900,"1, 2",,13661.999999999998
440241,440241,,,,2025-05-14,05:35:14,13:09:01,453.8,47.432739,19.277985,16.730268,-22.948919,Landed,440241,OE-LOT,Bombardier BD-700-1A10 Global 6500,nagy hatótávolságú business jet,2024,Mészáros Lőrinc,2024. 09. 07.,-,22 milliárd Ft,9900,"1, 2",,74877.0
440241,440241,,,,2025-05-14,14:06:02,08:15:16,2529.2,16.730896,-22.948946,47.427967,19.285777,Landed,440241,OE-LOT,Bombardier BD-700-1A10 Global 6500,nagy hatótávolságú business jet,2024,Mészáros Lőrinc,2024. 09. 07.,-,22 milliárd Ft,9900,"1, 2",,417317.99999999994
440241,440241,,,,2025-05-19,15:27:56,15:54:11,26.3,47.433192,19.245864,48.096828,16.587879,Landed,440241,OE-LOT,Bombardier BD-700-1A10 Global 6500,nagy hatótávolságú business jet,2024,Mészáros Lőrinc,2024. 09. 07.,-,22 milliárd Ft,9900,"1, 2",,4339.5
440241,440241,,,,2025-05-30,16:13:39,16:41:38,28.0,48.093338,16.589355,47.43531,19.24243,Landed,440241,OE-LOT,Bombardier BD-700-1A10 Global 6500,nagy hatótávolságú business jet,2024,Mészáros Lőrinc,2024. 09. 07.,-,22 milliárd Ft,9900,"1, 2",,4620.0
440241,440241,,,,2025-05-31,08:57:17,09:50:20,53.1,47.433609,19.245232,48.343254,11.78468,Landed,440241,OE-LOT,Bombardier BD-700-1A10 Global 6500,nagy hatótávolságú business jet,2024,Mészáros Lőrinc,2024. 09. 07.,-,22 milliárd Ft,9900,"1, 2",,8761.5
440241,440241,,,,2025-05-31,11:06:30,11:27:42,21.2,48.34422,11.796859,47.790436,13.00577,Landed,440241,OE-LOT,Bombardier BD-700-1A10 Global 6500,nagy hatótávolságú business jet,2024,Mészáros Lőrinc,2024. 09. 07.,-,22 milliárd Ft,9900,"1, 2",,3498.0
440241,440241,,,,2025-06-01,06:24:45,06:42:01,17.3,47.78792,13.00739,48.343242,11.784662,Landed,440241,OE-LOT,Bombardier BD-700-1A10 Global 6500,nagy hatótávolságú business jet,2024,Mészáros Lőrinc,2024. 09. 07.,-,22 milliárd Ft,9900,"1, 2",,2854.5
440241,440241,,,,2025-06-01,08:52:02,09:40:56,48.9,48.344055,11.79495,47.442513,19.230846,Landed,440241,OE-LOT,Bombardier BD-700-1A10 Global 6500,nagy hatótávolságú business jet,2024,Mészáros Lőrinc,2024. 09. 07.,-,22 milliárd Ft,9900,"1, 2",,8068.499999999999
440241,440241,,,,2025-06-04,08:49:32,10:09:38,80.1,47.445511,19.225937,47.442864,19.230229,Landed,440241,OE-LOT,Bombardier BD-700-1A10 Global 6500,nagy hatótávolságú business jet,2024,Mészáros Lőrinc,2024. 09. 07.,-,22 milliárd Ft,9900,"1, 2",,13216.5
440241,440241,,,,2025-06-25,08:11:42,09:38:10,86.5,47.433006,19.246145,43.65065,7.202432,Landed,440241,OE-LOT,Bombardier BD-700-1A10 Global 6500,nagy hatótávolságú business jet,2024,Mészáros Lőrinc,2024. 09. 07.,-,22 milliárd Ft,9900,"1, 2",,14272.5
440241,440241,,,,2025-06-26,10:48:20,12:03:51,75.5,43.656235,7.215271,47.442945,19.230124,Landed,440241,OE-LOT,Bombardier BD-700-1A10 Global 6500,nagy hatótávolságú business jet,2024,Mészáros Lőrinc,2024. 09. 07.,-,22 milliárd Ft,9900,"1, 2",,12457.5
440241,440241,,,,2025-06-30,08:14:02,16:55:00,521.0,47.434682,19.243469,40.699923,-74.160087,Landed,440241,OE-LOT,Bombardier BD-700-1A10 Global 6500,nagy hatótávolságú business jet,2024,Mészáros Lőrinc,2024. 09. 07.,-,22 milliárd Ft,9900,"1, 2",,85965.0
440241,440241,,,,2025-07-05,23:44:32,07:09:52,445.3,40.684433,-74.173767,43.658399,7.213097,Landed,440241,OE-LOT,Bombardier BD-700-1A10 Global 6500,nagy hatótávolságú business jet,2024,Mészáros Lőrinc,2024. 09. 07.,-,22 milliárd Ft,9900,"1, 2",,73474.5
440241,440241,,,,2025-07-06,07:55:28,09:15:29,80.0,43.650078,7.207097,47.441711,19.232113,Landed,440241,OE-LOT,Bombardier BD-700-1A10 Global 6500,nagy hatótávolságú business jet,2024,Mészáros Lőrinc,2024. 09. 07.,-,22 milliárd Ft,9900,"1, 2",,13200.0
440241,440241,,,,2025-07-09,07:10:04,08:45:43,95.7,47.433053,19.246075,43.651475,7.203565,Landed,440241,OE-LOT,Bombardier BD-700-1A10 Global 6500,nagy hatótávolságú business jet,2024,Mészáros Lőrinc,2024. 09. 07.,-,22 milliárd Ft,9900,"1, 2",,15790.5
440241,440241,,,,2025-07-09,10:02:23,11:24:57,82.6,43.656967,7.216421,47.43282,19.277942,Landed,440241,OE-LOT,Bombardier BD-700-1A10 Global 6500,nagy hatótávolságú business jet,2024,Mészáros Lőrinc,2024. 09. 07.,-,22 milliárd Ft,9900,"1, 2",,13628.999999999998
440241,440241,,,,2025-07-20,04:18:17,05:50:58,92.7,47.437042,19.271049,43.658352,7.213035,Landed,440241,OE-LOT,Bombardier BD-700-1A10 Global 6500,nagy hatótávolságú business jet,2024,Mészáros Lőrinc,2024. 09. 07.,-,22 milliárd Ft,9900,"1, 2",,15295.500000000002
440241,440241,,,,2025-07-20,07:20:49,08:41:58,81.2,43.650171,7.207227,47.436719,19.240159,Landed,440241,OE-LOT,Bombardier BD-700-1A10 Global 6500,nagy hatótávolságú business jet,2024,Mészáros Lőrinc,2024. 09. 07.,-,22 milliárd Ft,9900,"1, 2",,13398.0
440241,440241,,,,2025-07-21,07:08:24,08:45:03,96.7,47.445761,19.225581,43.661344,7.217184,Landed,440241,OE-LOT,Bombardier BD-700-1A10 Global 6500,nagy hatótávolságú business jet,2024,Mészáros Lőrinc,2024. 09. 07.,-,22 milliárd Ft,9900,"1, 2",,15955.500000000002
440241,440241,,,,2025-07-21,16:27:26,17:45:06,77.7,43.661204,7.222399,47.443841,19.228627,Landed,440241,OE-LOT,Bombardier BD-700-1A10 Global 6500,nagy hatótávolságú business jet,2024,Mészáros Lőrinc,2024. 09. 07.,-,22 milliárd Ft,9900,"1, 2",,12820.500000000002
440241,440241,,,,2025-07-24,06:08:17,07:47:26,99.1,47.445715,19.225652,43.658398,7.213099,Landed,440241,OE-LOT,Bombardier BD-700-1A10 Global 6500,nagy hatótávolságú business jet,2024,Mészáros Lőrinc,2024. 09. 07.,-,22 milliárd Ft,9900,"1, 2",,16351.5
440241,440241,,,,2025-07-24,08:57:44,11:49:17,171.6,43.661577,7.222857,34.874577,33.624932,Landed,440241,OE-LOT,Bombardier BD-700-1A10 Global 6500,nagy hatótávolságú business jet,2024,Mészáros Lőrinc,2024. 09. 07.,-,22 milliárd Ft,9900,"1, 2",,28314.0
440241,440241,,,,2025-07-25,06:41:45,06:54:50,13.1,34.865578,33.613358,35.440693,34.069848,Landed,440241,OE-LOT,Bombardier BD-700-1A10 Global 6500,nagy hatótávolságú business jet,2024,Mészáros Lőrinc,2024. 09. 07.,-,22 milliárd Ft,9900,"1, 2",,2161.5
440241,440241,,,,2025-07-25,06:55:05,08:41:35,106.5,35.471786,34.065914,45.709561,25.527008,Landed,440241,OE-LOT,Bombardier BD-700-1A10 Global 6500,nagy hatótávolságú business jet,2024,Mészáros Lőrinc,2024. 09. 07.,-,22 milliárd Ft,9900,"1, 2",,17572.5
440241,440241,,,,2025-07-25,09:22:05,10:13:49,51.7,45.6996,25.516551,47.432087,19.279122,Landed,440241,OE-LOT,Bombardier BD-700-1A10 Global 6500,nagy hatótávolságú business jet,2024,Mészáros Lőrinc,2024. 09. 07.,-,22 milliárd Ft,9900,"1, 2",,8530.5
440241,440241,,,,2025-07-28,07:44:22,07:44:34,0.2,47.433334,19.245644,47.438004,19.238073,Landed,440241,OE-LOT,Bombardier BD-700-1A10 Global 6500,nagy hatótávolságú business jet,2024,Mészáros Lőrinc,2024. 09. 07.,-,22 milliárd Ft,9900,"1, 2",,33.0
440241,440241,,,,2025-07-28,07:44:34,07:45:29,0.9,47.438034,19.237976,47.461807,19.199329,Landed,440241,OE-LOT,Bombardier BD-700-1A10 Global 6500,nagy hatótávolságú business jet,2024,Mészáros Lőrinc,2024. 09. 07.,-,22 milliárd Ft,9900,"1, 2",,148.5
440241,440241,,,,2025-07-28,07:45:30,07:50:33,5.1,47.461899,19.199158,47.206593,18.802208,Landed,440241,OE-LOT,Bombardier BD-700-1A10 Global 6500,nagy hatótávolságú business jet,2024,Mészáros Lőrinc,2024. 09. 07.,-,22 milliárd Ft,9900,"1, 2",,841.4999999999999
440241,440241,,,,2025-07-28,07:50:33,07:51:23,0.8,47.206329,18.801865,47.139473,18.716652,Landed,440241,OE-LOT,Bombardier BD-700-1A10 Global 6500,nagy hatótávolságú business jet,2024,Mészáros Lőrinc,2024. 09. 07.,-,22 milliárd Ft,9900,"1, 2",,132.0
440241,440241,,,,2025-07-28,07:51:23,07:53:03,1.7,47.139355,18.716478,46.999306,18.538862,Landed,440241,OE-LOT,Bombardier BD-700-1A10 Global 6500,nagy hatótávolságú business jet,2024,Mészáros Lőrinc,2024. 09. 07.,-,22 milliárd Ft,9900,"1, 2",,280.5
440241,440241,,,,2025-07-28,07:53:03,07:53:58,0.9,46.99886,18.538302,46.918167,18.436518,Landed,440241,OE-LOT,Bombardier BD-700-1A10 Global 6500,nagy hatótávolságú business jet,2024,Mészáros Lőrinc,2024. 09. 07.,-,22 milliárd Ft,9900,"1, 2",,148.5
440241,440241,,,,2025-07-28,07:53:58,07:54:43,0.7,46.917999,18.436326,46.85091,18.351991,Landed,440241,OE-LOT,Bombardier BD-700-1A10 Global 6500,nagy hatótávolságú business jet,2024,Mészáros Lőrinc,2024. 09. 07.,-,22 milliárd Ft,9900,"1, 2",,115.49999999999999
440241,440241,,,,2025-07-28,07:54:43,07:56:18,1.6,46.850922,18.351991,46.700317,18.163783,Landed,440241,OE-LOT,Bombardier BD-700-1A10 Global 6500,nagy hatótávolságú business jet,2024,Mészáros Lőrinc,2024. 09. 07.,-,22 milliárd Ft,9900,"1, 2",,264.0
440241,440241,,,,2025-07-28,07:56:18,08:13:11,16.9,46.699997,18.163415,45.435694,15.657427,Landed,440241,OE-LOT,Bombardier BD-700-1A10 Global 6500,nagy hatótávolságú business jet,2024,Mészáros Lőrinc,2024. 09. 07.,-,22 milliárd Ft,9900,"1, 2",,2788.4999999999995
440241,440241,,,,2025-07-28,08:13:12,08:17:31,4.3,45.435333,15.656629,45.127556,14.976065,Landed,440241,OE-LOT,Bombardier BD-700-1A10 Global 6500,nagy hatótávolságú business jet,2024,Mészáros Lőrinc,2024. 09. 07.,-,22 milliárd Ft,9900,"1, 2",,709.5
440241,440241,,,,2025-07-28,08:17:31,08:18:26,0.9,45.12746,14.975772,45.062101,14.833402,Landed,440241,OE-LOT,Bombardier BD-700-1A10 Global 6500,nagy hatótávolságú business jet,2024,Mészáros Lőrinc,2024. 09. 07.,-,22 milliárd Ft,9900,"1, 2",,148.5
440241,440241,,,,2025-07-28,08:18:26,08:23:17,4.8,45.061635,14.832347,44.711446,14.081023,Landed,440241,OE-LOT,Bombardier BD-700-1A10 Global 6500,nagy hatótávolságú business jet,2024,Mészáros Lőrinc,2024. 09. 07.,-,22 milliárd Ft,9900,"1, 2",,792.0
440241,440241,,,,2025-07-28,08:23:17,08:31:41,8.4,44.71119,14.08052,44.151807,12.755634,Landed,440241,OE-LOT,Bombardier BD-700-1A10 Global 6500,nagy hatótávolságú business jet,2024,Mészáros Lőrinc,2024. 09. 07.,-,22 milliárd Ft,9900,"1, 2",,1386.0000000000002
440241,440241,,,,2025-07-28,08:31:56,08:39:14,7.3,44.135385,12.716086,43.648263,11.567361,Landed,440241,OE-LOT,Bombardier BD-700-1A10 Global 6500,nagy hatótávolságú business jet,2024,Mészáros Lőrinc,2024. 09. 07.,-,22 milliárd Ft,9900,"1, 2",,1204.5
440241,440241,,,,2025-07-28,08:39:14,08:39:39,0.4,43.648132,11.567071,43.620238,11.502604,Landed,440241,OE-LOT,Bombardier BD-700-1A10 Global 6500,nagy hatótávolságú business jet,2024,Mészáros Lőrinc,2024. 09. 07.,-,22 milliárd Ft,9900,"1, 2",,66.0
440241,440241,,,,2025-07-28,08:39:39,08:41:58,2.3,43.620117,11.502366,43.465508,11.147818,Landed,440241,OE-LOT,Bombardier BD-700-1A10 Global 6500,nagy hatótávolságú business jet,2024,Mészáros Lőrinc,2024. 09. 07.,-,22 milliárd Ft,9900,"1, 2",,379.49999999999994
440241,440241,,,,2025-07-28,08:41:58,08:43:13,1.2,43.465405,11.147592,43.375734,10.98744,Landed,440241,OE-LOT,Bombardier BD-700-1A10 Global 6500,nagy hatótávolságú business jet,2024,Mészáros Lőrinc,2024. 09. 07.,-,22 milliárd Ft,9900,"1, 2",,198.0
440241,440241,,,,2025-07-28,08:43:38,08:45:58,2.3,43.340652,10.941169,43.101286,10.722411,Landed,440241,OE-LOT,Bombardier BD-700-1A10 Global 6500,nagy hatótávolságú business jet,2024,Mészáros Lőrinc,2024. 09. 07.,-,22 milliárd Ft,9900,"1, 2",,379.49999999999994
440241,440241,,,,2025-07-28,08:45:58,08:47:29,1.5,43.100948,10.722133,42.943532,10.583938,Landed,440241,OE-LOT,Bombardier BD-700-1A10 Global 6500,nagy hatótávolságú business jet,2024,Mészáros Lőrinc,2024. 09. 07.,-,22 milliárd Ft,9900,"1, 2",,247.5
440241,440241,,,,2025-07-28,08:47:29,08:48:13,0.7,42.942993,10.583475,42.867519,10.508311,Landed,440241,OE-LOT,Bombardier BD-700-1A10 Global 6500,nagy hatótávolságú business jet,2024,Mészáros Lőrinc,2024. 09. 07.,-,22 milliárd Ft,9900,"1, 2",,115.49999999999999
440241,440241,,,,2025-07-28,08:48:13,08:49:29,1.3,42.867628,10.508488,42.774175,10.347396,Landed,440241,OE-LOT,Bombardier BD-700-1A10 Global 6500,nagy hatótávolságú business jet,2024,Mészáros Lőrinc,2024. 09. 07.,-,22 milliárd Ft,9900,"1, 2",,214.5
440241,440241,,,,2025-07-28,08:49:29,08:56:39,7.2,42.773529,10.346312,42.755624,9.392991,Landed,440241,OE-LOT,Bombardier BD-700-1A10 Global 6500,nagy hatótávolságú business jet,2024,Mészáros Lőrinc,2024. 09. 07.,-,22 milliárd Ft,9900,"1, 2",,1188.0
440241,440241,,,,2025-07-28,08:56:39,08:58:04,1.4,42.756042,9.392,42.808216,9.211829,Landed,440241,OE-LOT,Bombardier BD-700-1A10 Global 6500,nagy hatótávolságú business jet,2024,Mészáros Lőrinc,2024. 09. 07.,-,22 milliárd Ft,9900,"1, 2",,230.99999999999997
440241,440241,,,,2025-07-28,08:58:04,09:08:57,10.9,42.808365,9.211162,43.123501,7.864151,Landed,440241,OE-LOT,Bombardier BD-700-1A10 Global 6500,nagy hatótávolságú business jet,2024,Mészáros Lőrinc,2024. 09. 07.,-,22 milliárd Ft,9900,"1, 2",,1798.5
440241,440241,,,,2025-07-28,09:08:57,09:14:16,5.3,43.123764,7.863081,43.344568,7.396366,Landed,440241,OE-LOT,Bombardier BD-700-1A10 Global 6500,nagy hatótávolságú business jet,2024,Mészáros Lőrinc,2024. 09. 07.,-,22 milliárd Ft,9900,"1, 2",,874.5
440241,440241,,,,2025-07-28,09:14:16,09:14:56,0.7,43.344635,7.396226,43.371835,7.342562,Landed,440241,OE-LOT,Bombardier BD-700-1A10 Global 6500,nagy hatótávolságú business jet,2024,Mészáros Lőrinc,2024. 09. 07.,-,22 milliárd Ft,9900,"1, 2",,115.49999999999999
440241,440241,,,,2025-07-28,09:14:56,09:18:21,3.4,43.371918,7.342444,43.496738,7.16002,Landed,440241,OE-LOT,Bombardier BD-700-1A10 Global 6500,nagy hatótávolságú business jet,2024,Mészáros Lőrinc,2024. 09. 07.,-,22 milliárd Ft,9900,"1, 2",,561.0
440241,440241,,,,2025-07-28,09:18:21,09:22:38,4.3,43.496642,7.160012,43.659098,7.214061,Landed,440241,OE-LOT,Bombardier BD-700-1A10 Global 6500,nagy hatótávolságú business jet,2024,Mészáros Lőrinc,2024. 09. 07.,-,22 milliárd Ft,9900,"1, 2",,709.5
440241,440241,,,,2025-07-28,09:56:06,11:15:58,79.9,43.649506,7.206329,47.430302,19.282036,Landed,440241,OE-LOT,Bombardier BD-700-1A10 Global 6500,nagy hatótávolságú business jet,2024,Mészáros Lőrinc,2024. 09. 07.,-,22 milliárd Ft,9900,"1, 2",,13183.500000000002
440241,440241,,,,2025-08-01,11:26:06,13:05:25,99.3,47.433609,19.245163,43.656177,7.209974,Landed,440241,OE-LOT,Bombardier BD-700-1A10 Global 6500,nagy hatótávolságú business jet,2024,Mészáros Lőrinc,2024. 09. 07.,-,22 milliárd Ft,9900,"1, 2",,16384.5
440241,440241,,,,2025-08-01,15:11:59,16:31:37,79.6,43.65087,7.208143,47.437301,19.239226,Landed,440241,OE-LOT,Bombardier BD-700-1A10 Global 6500,nagy hatótávolságú business jet,2024,Mészáros Lőrinc,2024. 09. 07.,-,22 milliárd Ft,9900,"1, 2",,13134.0
440241,440241,,,,2025-08-01,17:27:15,17:58:02,30.8,47.445969,19.225182,48.112867,16.581098,Landed,440241,OE-LOT,Bombardier BD-700-1A10 Global 6500,nagy hatótávolságú business jet,2024,Mészáros Lőrinc,2024. 09. 07.,-,22 milliárd Ft,9900,"1, 2",,5082.0
440241,440241,,,,2025-08-14,17:22:09,17:53:17,31.1,48.114761,16.580292,47.436001,19.241301,Landed,440241,OE-LOT,Bombardier BD-700-1A10 Global 6500,nagy hatótávolságú business jet,2024,Mészáros Lőrinc,2024. 09. 07.,-,22 milliárd Ft,9900,"1, 2",,5131.5
440241,440241,,,,2025-08-15,06:57:15,08:25:57,88.7,47.433751,19.244948,43.648682,7.199707,Landed,440241,OE-LOT,Bombardier BD-700-1A10 Global 6500,nagy hatótávolságú business jet,2024,Mészáros Lőrinc,2024. 09. 07.,-,22 milliárd Ft,9900,"1, 2",,14635.5
440241,440241,,,,2025-08-15,10:24:32,11:48:51,84.3,43.656689,7.215925,47.437546,19.238794,Landed,440241,OE-LOT,Bombardier BD-700-1A10 Global 6500,nagy hatótávolságú business jet,2024,Mészáros Lőrinc,2024. 09. 07.,-,22 milliárd Ft,9900,"1, 2",,13909.5
440241,440241,,,,2025-08-17,13:41:48,15:15:12,93.4,47.440594,19.233891,43.661844,7.217821,Landed,440241,OE-LOT,Bombardier BD-700-1A10 Global 6500,nagy hatótávolságú business jet,2024,Mészáros Lőrinc,2024. 09. 07.,-,22 milliárd Ft,9900,"1, 2",,15411.000000000002
440241,440241,,,,2025-08-17,17:05:05,18:28:39,83.6,43.661636,7.222936,47.427441,19.286636,Landed,440241,OE-LOT,Bombardier BD-700-1A10 Global 6500,nagy hatótávolságú business jet,2024,Mészáros Lőrinc,2024. 09. 07.,-,22 milliárd Ft,9900,"1, 2",,13794.0
440241,440241,,,,2025-08-27,12:07:59,16:58:02,1730.1,47.435799,19.273118,47.442329,19.23107,Landed,440241,OE-LOT,Bombardier BD-700-1A10 Global 6500,nagy hatótávolságú business jet,2024,Mészáros Lőrinc,2024. 09. 07.,-,22 milliárd Ft,9900,"1, 2",,285466.5
440241,440241,,,,2025-08-31,19:05:07,02:00:09,14815.0,47.434982,19.242966,47.442455,19.230881,Landed,440241,OE-LOT,Bombardier BD-700-1A10 Global 6500,nagy hatótávolságú business jet,2024,Mészáros Lőrinc,2024. 09. 07.,-,22 milliárd Ft,9900,"1, 2",,2444475.0
440241,440241,,,,2025-09-25,06:11:35,10:58:46,287.2,47.437225,19.270775,24.895508,55.162988,Landed,440241,OE-LOT,Bombardier BD-700-1A10 Global 6500,nagy hatótávolságú business jet,2024,Mészáros Lőrinc,2024. 09. 07.,-,22 milliárd Ft,9900,"1, 2",,47387.99999999999
440241,440241,,,,2025-09-29,10:37:41,15:51:47,314.1,24.89339,55.166966,47.436986,19.239754,Landed,440241,OE-LOT,Bombardier BD-700-1A10 Global 6500,nagy hatótávolságú business jet,2024,Mészáros Lőrinc,2024. 09. 07.,-,22 milliárd Ft,9900,"1, 2",,51826.5
440241,440241,,,,2025-09-30,05:23:17,06:55:04,91.8,47.442224,19.231215,43.649826,7.20141,Landed,440241,OE-LOT,Bombardier BD-700-1A10 Global 6500,nagy hatótávolságú business jet,2024,Mészáros Lőrinc,2024. 09. 07.,-,22 milliárd Ft,9900,"1, 2",,15147.0
440241,440241,,,,2025-09-30,07:03:19,12:48:55,345.6,43.661259,7.212604,43.661259,7.21262,Landed,440241,OE-LOT,Bombardier BD-700-1A10 Global 6500,nagy hatótávolságú business jet,2024,Mészáros Lőrinc,2024. 09. 07.,-,22 milliárd Ft,9900,"1, 2",,57024.00000000001
440241,440241,,,,2025-09-30,12:51:58,12:55:36,3.6,43.661263,7.212606,43.661262,7.212606,Landed,440241,OE-LOT,Bombardier BD-700-1A10 Global 6500,nagy hatótávolságú business jet,2024,Mészáros Lőrinc,2024. 09. 07.,-,22 milliárd Ft,9900,"1, 2",,594.0
440241,440241,,,,2025-09-30,12:59:06,13:03:54,4.8,43.66127,7.212604,43.661259,7.21262,Landed,440241,OE-LOT,Bombardier BD-700-1A10 Global 6500,nagy hatótávolságú business jet,2024,Mészáros Lőrinc,2024. 09. 07.,-,22 milliárd Ft,9900,"1, 2",,792.0
440241,440241,,,,2025-09-30,13:05:56,13:08:23,2.4,43.661263,7.212623,43.661259,7.212604,Landed,440241,OE-LOT,Bombardier BD-700-1A10 Global 6500,nagy hatótávolságú business jet,2024,Mészáros Lőrinc,2024. 09. 07.,-,22 milliárd Ft,9900,"1, 2",,396.0
440241,440241,,,,2025-09-30,13:27:08,14:47:14,80.1,43.662321,7.218475,47.435337,19.242365,Landed,440241,OE-LOT,Bombardier BD-700-1A10 Global 6500,nagy hatótávolságú business jet,2024,Mészáros Lőrinc,2024. 09. 07.,-,22 milliárd Ft,9900,"1, 2",,13216.5
440241,440241,,,,2025-10-10,05:44:01,06:54:29,70.5,47.433517,19.2453,47.609768,7.515404,Landed,440241,OE-LOT,Bombardier BD-700-1A10 Global 6500,nagy hatótávolságú business jet,2024,Mészáros Lőrinc,2024. 09. 07.,-,22 milliárd Ft,9900,"1, 2",,11632.5
440241,440241,,,,2025-10-16,18:44:10,20:02:20,78.2,47.613785,7.512589,47.430376,19.281816,Landed,440241,OE-LOT,Bombardier BD-700-1A10 Global 6500,nagy hatótávolságú business jet,2024,Mészáros Lőrinc,2024. 09. 07.,-,22 milliárd Ft,9900,"1, 2",,12903.000000000002
440241,440241,,,,2025-10-18,07:05:16,09:04:24,119.1,47.433472,19.245438,51.332417,0.033571,Landed,440241,OE-LOT,Bombardier BD-700-1A10 Global 6500,nagy hatótávolságú business jet,2024,Mészáros Lőrinc,2024. 09. 07.,-,22 milliárd Ft,9900,"1, 2",,19651.5
440241,440241,,,,2025-10-22,06:42:55,08:28:08,105.2,51.327985,0.030136,47.445389,19.226162,Landed,440241,OE-LOT,Bombardier BD-700-1A10 Global 6500,nagy hatótávolságú business jet,2024,Mészáros Lőrinc,2024. 09. 07.,-,22 milliárd Ft,9900,"1, 2",,17358.0
440241,440241,,,,2025-10-27,12:59:44,19:08:02,1808.3,47.435567,19.24199,47.438438,19.237404,Landed,440241,OE-LOT,Bombardier BD-700-1A10 Global 6500,nagy hatótávolságú business jet,2024,Mészáros Lőrinc,2024. 09. 07.,-,22 milliárd Ft,9900,"1, 2",,298369.5
440241,440241,,,,2025-10-31,19:15:43,14:44:43,11249.0,47.445007,19.226761,-33.967608,18.602543,Landed,440241,OE-LOT,Bombardier BD-700-1A10 Global 6500,nagy hatótávolságú business jet,2024,Mészáros Lőrinc,2024. 09. 07.,-,22 milliárd Ft,9900,"1, 2",,1856084.9999999998
440241,440241,,,,2025-11-09,19:17:28,06:47:56,690.5,-33.979223,18.606205,47.427315,19.286869,Landed,440241,OE-LOT,Bombardier BD-700-1A10 Global 6500,nagy hatótávolságú business jet,2024,Mészáros Lőrinc,2024. 09. 07.,-,22 milliárd Ft,9900,"1, 2",,113932.5
440241,440241,,,,2025-11-11,08:21:44,14:08:14,346.5,47.429947,19.282516,41.424462,19.719245,Landed,440241,OE-LOT,Bombardier BD-700-1A10 Global 6500,nagy hatótávolságú business jet,2024,Mészáros Lőrinc,2024. 09. 07.,-,22 milliárd Ft,9900,"1, 2",,57172.5
440241,440241,,,,2025-11-11,15:49:49,16:58:30,68.7,41.415344,19.720459,47.442936,19.230108,Landed,440241,OE-LOT,Bombardier BD-700-1A10 Global 6500,nagy hatótávolságú business jet,2024,Mészáros Lőrinc,2024. 09. 07.,-,22 milliárd Ft,9900,"1, 2",,11335.5
440241,440241,,,,2025-11-20,10:09:59,11:00:34,50.6,47.437958,19.269608,50.113193,14.264281,Landed,440241,OE-LOT,Bombardier BD-700-1A10 Global 6500,nagy hatótávolságú business jet,2024,Mészáros Lőrinc,2024. 09. 07.,-,22 milliárd Ft,9900,"1, 2",,8349.0
440241,440241,,,,2025-11-20,17:00:50,17:50:09,49.3,50.114089,14.267232,47.436428,19.240635,Landed,440241,OE-LOT,Bombardier BD-700-1A10 Global 6500,nagy hatótávolságú business jet,2024,Mészáros Lőrinc,2024. 09. 07.,-,22 milliárd Ft,9900,"1, 2",,8134.5
440241,440241,,,,2025-11-26,06:05:53,10:58:05,292.2,47.433105,19.245987,24.890818,55.171707,Landed,440241,OE-LOT,Bombardier BD-700-1A10 Global 6500,nagy hatótávolságú business jet,2024,Mészáros Lőrinc,2024. 09. 07.,-,22 milliárd Ft,9900,"1, 2",,48213.0
440241,440241,,,,2025-11-29,12:16:34,17:28:16,311.7,24.894461,55.164996,47.435669,19.24185,Landed,440241,OE-LOT,Bombardier BD-700-1A10 Global 6500,nagy hatótávolságú business jet,2024,Mészáros Lőrinc,2024. 09. 07.,-,22 milliárd Ft,9900,"1, 2",,51430.49999999999
440241,440241,,,,2025-12-02,06:10:06,06:12:50,2.7,47.440712,19.225458,47.440716,19.225456,Landed,440241,OE-LOT,Bombardier BD-700-1A10 Global 6500,nagy hatótávolságú business jet,2024,Mészáros Lőrinc,2024. 09. 07.,-,22 milliárd Ft,9900,"1, 2",,445.50000000000006
440241,440241,,,,2025-12-02,08:00:48,10:04:46,124.0,47.446227,19.224807,44.827466,-0.709723,Landed,440241,OE-LOT,Bombardier BD-700-1A10 Global 6500,nagy hatótávolságú business jet,2024,Mészáros Lőrinc,2024. 09. 07.,-,22 milliárd Ft,9900,"1, 2",,20460.000000000004
440241,440241,,,,2025-12-04,10:02:08,12:04:14,122.1,44.833483,-0.708417,47.443992,19.228398,Landed,440241,OE-LOT,Bombardier BD-700-1A10 Global 6500,nagy hatótávolságú business jet,2024,Mészáros Lőrinc,2024. 09. 07.,-,22 milliárd Ft,9900,"1, 2",,20146.499999999996
440241,440241,,,,2025-12-04,13:44:23,14:16:01,31.6,47.445668,19.225722,48.120243,16.541325,Landed,440241,OE-LOT,Bombardier BD-700-1A10 Global 6500,nagy hatótávolságú business jet,2024,Mészáros Lőrinc,2024. 09. 07.,-,22 milliárd Ft,9900,"1, 2",,5214.000000000001
440241,440241,,,,2025-12-28,15:48:19,16:18:17,30.0,48.115276,16.556537,47.435892,19.241515,Landed,440241,OE-LOT,Bombardier BD-700-1A10 Global 6500,nagy hatótávolságú business jet,2024,Mészáros Lőrinc,2024. 09. 07.,-,22 milliárd Ft,9900,"1, 2",,4950.0
440241,440241,,,,2025-12-29,07:56:24,20:31:22,755.0,47.433658,19.245089,33.937419,-118.38232,Landed,440241,OE-LOT,Bombardier BD-700-1A10 Global 6500,nagy hatótávolságú business jet,2024,Mészáros Lőrinc,2024. 09. 07.,-,22 milliárd Ft,9900,"1, 2",,124575.0
440241,440241,,,,2025-12-30,19:44:24,01:03:22,319.0,33.937093,-118.406639,21.325301,-157.939504,Landed,440241,OE-LOT,Bombardier BD-700-1A10 Global 6500,nagy hatótávolságú business jet,2024,Mészáros Lőrinc,2024. 09. 07.,-,22 milliárd Ft,9900,"1, 2",,52635.0
440241,440241,,,,2026-01-03,18:42:15,19:04:45,22.5,21.306773,-157.930959,20.889572,-156.436024,Landed,440241,OE-LOT,Bombardier BD-700-1A10 Global 6500,nagy hatótávolságú business jet,2024,Mészáros Lőrinc,2024. 09. 07.,-,22 milliárd Ft,9900,"1, 2",,3712.5
440241,440241,,,,2026-01-04,03:40:53,04:05:19,24.4,20.898972,-156.42898,21.315478,-157.925008,Landed,440241,OE-LOT,Bombardier BD-700-1A10 Global 6500,nagy hatótávolságú business jet,2024,Mészáros Lőrinc,2024. 09. 07.,-,22 milliárd Ft,9900,"1, 2",,4025.9999999999995
440241,440241,,,,2026-01-04,18:59:46,19:41:37,41.9,21.30682,-157.931061,19.72139,-155.028725,Landed,440241,OE-LOT,Bombardier BD-700-1A10 Global 6500,nagy hatótávolságú business jet,2024,Mészáros Lőrinc,2024. 09. 07.,-,22 milliárd Ft,9900,"1, 2",,6913.5
440241,440241,,,,2026-01-05,03:21:36,03:57:31,35.9,19.72142,-155.045144,21.314221,-157.926839,Landed,440241,OE-LOT,Bombardier BD-700-1A10 Global 6500,nagy hatótávolságú business jet,2024,Mészáros Lőrinc,2024. 09. 07.,-,22 milliárd Ft,9900,"1, 2",,5923.499999999999
440241,440241,,,,2026-01-05,19:21:45,12:47:20,8245.6,21.306839,-157.929116,1.41156,103.864094,Landed,440241,OE-LOT,Bombardier BD-700-1A10 Global 6500,nagy hatótávolságú business jet,2024,Mészáros Lőrinc,2024. 09. 07.,-,22 milliárd Ft,9900,"1, 2",,1360524.0
440241,440241,,,,2026-01-12,13:29:09,15:39:22,130.2,1.415131,103.866562,1.346649,103.983256,Landed,440241,OE-LOT,Bombardier BD-700-1A10 Global 6500,nagy hatótávolságú business jet,2024,Mészáros Lőrinc,2024. 09. 07.,-,22 milliárd Ft,9900,"1, 2",,21483.0
440241,440241,,,,2026-01-12,15:46:28,03:36:04,709.6,1.344727,103.991741,47.444132,19.228187,Landed,440241,OE-LOT,Bombardier BD-700-1A10 Global 6500,nagy hatótávolságú business jet,2024,Mészáros Lőrinc,2024. 09. 07.,-,22 milliárd Ft,9900,"1, 2",,117084.0
440241,440241,,,,2026-01-14,08:40:15,11:52:16,192.0,47.442261,19.231224,36.663332,-4.482948,Landed,440241,OE-LOT,Bombardier BD-700-1A10 Global 6500,nagy hatótávolságú business jet,2024,Mészáros Lőrinc,2024. 09. 07.,-,22 milliárd Ft,9900,"1, 2",,31680.0
440241,440241,,,,2026-01-16,11:05:32,14:02:01,176.5,36.674132,-4.498083,47.443909,19.228546,Landed,440241,OE-LOT,Bombardier BD-700-1A10 Global 6500,nagy hatótávolságú business jet,2024,Mészáros Lőrinc,2024. 09. 07.,-,22 milliárd Ft,9900,"1, 2",,29122.500000000004
440241,440241,,,,2026-01-24,11:16:22,12:25:06,68.7,47.442764,19.230331,52.369698,13.493519,Landed,440241,OE-LOT,Bombardier BD-700-1A10 Global 6500,nagy hatótávolságú business jet,2024,Mészáros Lőrinc,2024. 09. 07.,-,22 milliárd Ft,9900,"1, 2",,11335.5
440603,440603,OE-IMB,GLEX,,2023-01-12,11:19:08,22:08:29,649.3,48.113507,16.56203,26.076934,-80.168451,Landed,440603,OE-IMB,Bombardier BD-700-1A10 Global 6000,nagy hatótávolságú business jet,2018,Szíjj László,2022. 08. 03.,2025. 03. 01.,17 milliárd Ft,10600,1,,114709.66666666666
440603,440603,OE-IMB,GLEX,,2023-01-27,16:27:14,17:45:52,78.6,26.07692,-80.159204,21.774623,-72.286072,Landed,440603,OE-IMB,Bombardier BD-700-1A10 Global 6000,nagy hatótávolságú business jet,2018,Szíjj László,2022. 08. 03.,2025. 03. 01.,17 milliárd Ft,10600,1,,13885.999999999998
440603,440603,OE-IMB,GLEX,,2023-02-01,15:43:45,17:05:45,82.0,21.774158,-72.274729,26.077103,-80.178896,Landed,440603,OE-IMB,Bombardier BD-700-1A10 Global 6000,nagy hatótávolságú business jet,2018,Szíjj László,2022. 08. 03.,2025. 03. 01.,17 milliárd Ft,10600,1,,14486.666666666668
440603,440603,OE-IMB,GLEX,,2023-02-09,22:38:13,07:40:23,542.2,26.076934,-80.138186,48.089113,16.591116,Landed,440603,OE-IMB,Bombardier BD-700-1A10 Global 6000,nagy hatótávolságú business jet,2018,Szíjj László,2022. 08. 03.,2025. 03. 01.,17 milliárd Ft,10600,1,,95788.66666666667
440603,440603,OE-IMB,GLEX,,2023-02-19,09:14:58,13:58:41,283.7,48.114487,16.558868,24.887146,55.178324,Landed,440603,OE-IMB,Bombardier BD-700-1A10 Global 6000,nagy hatótávolságú business jet,2018,Szíjj László,2022. 08. 03.,2025. 03. 01.,17 milliárd Ft,10600,1,,50120.333333333336
440603,440603,OE-IMB,GLEX,,2023-02-25,08:04:19,13:41:52,337.6,24.888931,55.175578,48.113123,16.56314,Landed,440603,OE-IMB,Bombardier BD-700-1A10 Global 6000,nagy hatótávolságú business jet,2018,Szíjj László,2022. 08. 03.,2025. 03. 01.,17 milliárd Ft,10600,1,,59642.66666666667
440603,440603,OE-IMB,GLEX,,2023-02-25,14:39:14,15:11:06,31.9,48.112244,16.565804,47.436975,19.239754,Landed,440603,OE-IMB,Bombardier BD-700-1A10 Global 6000,nagy hatótávolságú business jet,2018,Szíjj László,2022. 08. 03.,2025. 03. 01.,17 milliárd Ft,10600,1,,5635.666666666666
440603,440603,OE-IMB,GLEX,,2023-03-08,15:26:54,17:41:50,134.9,47.442444,19.230949,51.884113,0.233422,Landed,440603,OE-IMB,Bombardier BD-700-1A10 Global 6000,nagy hatótávolságú business jet,2018,Szíjj László,2022. 08. 03.,2025. 03. 01.,17 milliárd Ft,10600,1,,23832.333333333336
440603,440603,OE-IMB,GLEX,,2023-03-09,10:12:12,11:58:59,106.8,51.878791,0.225449,47.436768,19.240082,Landed,440603,OE-IMB,Bombardier BD-700-1A10 Global 6000,nagy hatótávolságú business jet,2018,Szíjj László,2022. 08. 03.,2025. 03. 01.,17 milliárd Ft,10600,1,,18868.0
440603,440603,OE-IMB,GLEX,,2023-03-09,12:31:27,17:12:51,281.4,47.440842,19.23349,47.436474,19.240511,Landed,440603,OE-IMB,Bombardier BD-700-1A10 Global 6000,nagy hatótávolságú business jet,2018,Szíjj László,2022. 08. 03.,2025. 03. 01.,17 milliárd Ft,10600,1,,49713.99999999999
440603,440603,OE-IMB,GLEX,,2023-03-13,09:30:07,15:25:15,1795.1,47.437637,19.270157,53.33356,-2.851114,Landed,440603,OE-IMB,Bombardier BD-700-1A10 Global 6000,nagy hatótávolságú business jet,2018,Szíjj László,2022. 08. 03.,2025. 03. 01.,17 milliárd Ft,10600,1,,317134.3333333333
440603,440603,OE-IMB,GLEX,,2023-03-15,10:52:49,12:56:17,123.5,53.333642,-2.849579,47.436975,19.239719,Landed,440603,OE-IMB,Bombardier BD-700-1A10 Global 6000,nagy hatótávolságú business jet,2018,Szíjj László,2022. 08. 03.,2025. 03. 01.,17 milliárd Ft,10600,1,,21818.333333333332
440603,440603,OE-IMB,GLEX,,2023-03-27,11:51:10,12:21:37,30.4,47.440455,19.234103,48.10746,16.580584,Landed,440603,OE-IMB,Bombardier BD-700-1A10 Global 6000,nagy hatótávolságú business jet,2018,Szíjj László,2022. 08. 03.,2025. 03. 01.,17 milliárd Ft,10600,1,,5370.666666666666
440603,440603,OE-IMB,GLEX,,2023-04-07,11:08:47,19:35:51,507.1,48.113646,16.561467,40.824497,-74.061335,Landed,440603,OE-IMB,Bombardier BD-700-1A10 Global 6000,nagy hatótávolságú business jet,2018,Szíjj László,2022. 08. 03.,2025. 03. 01.,17 milliárd Ft,10600,1,,89587.66666666666
440603,440603,OE-IMB,GLEX,,2023-04-10,15:15:36,17:40:43,145.1,40.843277,-74.075378,26.076965,-80.165837,Landed,440603,OE-IMB,Bombardier BD-700-1A10 Global 6000,nagy hatótávolságú business jet,2018,Szíjj László,2022. 08. 03.,2025. 03. 01.,17 milliárd Ft,10600,1,,25634.333333333336
440603,440603,OE-IMB,GLEX,,2023-04-20,21:52:51,06:57:52,545.0,26.076748,-80.140985,48.117989,16.548243,Landed,440603,OE-IMB,Bombardier BD-700-1A10 Global 6000,nagy hatótávolságú business jet,2018,Szíjj László,2022. 08. 03.,2025. 03. 01.,17 milliárd Ft,10600,1,,96283.33333333334
440603,440603,OE-IMB,GLEX,,2023-04-30,16:45:21,17:14:44,29.4,48.115788,16.554988,47.435857,19.24155,Landed,440603,OE-IMB,Bombardier BD-700-1A10 Global 6000,nagy hatótávolságú business jet,2018,Szíjj László,2022. 08. 03.,2025. 03. 01.,17 milliárd Ft,10600,1,,5194.0
440603,440603,OE-IMB,GLEX,,2023-05-02,09:11:42,11:24:49,133.1,47.442719,19.2304,43.468323,-1.531826,Landed,440603,OE-IMB,Bombardier BD-700-1A10 Global 6000,nagy hatótávolságú business jet,2018,Szíjj László,2022. 08. 03.,2025. 03. 01.,17 milliárd Ft,10600,1,,23514.333333333332
440603,440603,OE-IMB,GLEX,,2023-05-05,13:08:57,15:13:20,124.4,43.468478,-1.51474,47.437883,19.23824,Landed,440603,OE-IMB,Bombardier BD-700-1A10 Global 6000,nagy hatótávolságú business jet,2018,Szíjj László,2022. 08. 03.,2025. 03. 01.,17 milliárd Ft,10600,1,,21977.333333333332
440603,440603,OE-IMB,GLEX,,2023-05-05,15:53:07,16:23:07,30.0,47.440827,19.233539,48.111546,16.581648,Landed,440603,OE-IMB,Bombardier BD-700-1A10 Global 6000,nagy hatótávolságú business jet,2018,Szíjj László,2022. 08. 03.,2025. 03. 01.,17 milliárd Ft,10600,1,,5300.0
440603,440603,OE-IMB,GLEX,,2023-05-09,09:42:10,13:08:33,14606.4,48.128962,16.538508,48.123299,16.540689,Landed,440603,OE-IMB,Bombardier BD-700-1A10 Global 6000,nagy hatótávolságú business jet,2018,Szíjj László,2022. 08. 03.,2025. 03. 01.,17 milliárd Ft,10600,1,,2580464.0
440603,440603,OE-IMB,GLEX,,2023-05-30,12:21:28,12:49:28,28.0,48.097632,16.587595,47.437312,19.270724,Landed,440603,OE-IMB,Bombardier BD-700-1A10 Global 6000,nagy hatótávolságú business jet,2018,Szíjj László,2022. 08. 03.,2025. 03. 01.,17 milliárd Ft,10600,1,,4946.666666666667
440603,440603,OE-IMB,GLEX,,2023-05-30,15:29:49,16:46:50,77.0,47.431595,19.279907,47.472273,8.549529,Landed,440603,OE-IMB,Bombardier BD-700-1A10 Global 6000,nagy hatótávolságú business jet,2018,Szíjj László,2022. 08. 03.,2025. 03. 01.,17 milliárd Ft,10600,1,,13603.333333333334
440603,440603,OE-IMB,GLEX,,2023-06-03,09:55:31,11:05:09,69.6,47.45712,8.563068,47.438744,19.236884,Landed,440603,OE-IMB,Bombardier BD-700-1A10 Global 6000,nagy hatótávolságú business jet,2018,Szíjj László,2022. 08. 03.,2025. 03. 01.,17 milliárd Ft,10600,1,,12296.0
440603,440603,OE-IMB,GLEX,,2023-06-03,11:55:31,12:19:17,23.8,47.441013,19.233258,48.11552,16.555921,Landed,440603,OE-IMB,Bombardier BD-700-1A10 Global 6000,nagy hatótávolságú business jet,2018,Szíjj László,2022. 08. 03.,2025. 03. 01.,17 milliárd Ft,10600,1,,4204.666666666667
440603,440603,OE-IMB,GLEX,,2023-06-24,16:47:31,17:16:27,28.9,48.115322,16.556256,47.436335,19.240758,Landed,440603,OE-IMB,Bombardier BD-700-1A10 Global 6000,nagy hatótávolságú business jet,2018,Szíjj László,2022. 08. 03.,2025. 03. 01.,17 milliárd Ft,10600,1,,5105.666666666666
440603,440603,OE-IMB,GLEX,,2023-06-25,14:06:08,10:24:00,2657.9,47.433937,19.244596,47.438187,19.237764,Landed,440603,OE-IMB,Bombardier BD-700-1A10 Global 6000,nagy hatótávolságú business jet,2018,Szíjj László,2022. 08. 03.,2025. 03. 01.,17 milliárd Ft,10600,1,,469562.3333333333
440603,440603,OE-IMB,GLEX,,2023-07-01,09:20:10,09:50:12,30.0,47.442123,19.23143,48.111237,16.578228,Landed,440603,OE-IMB,Bombardier BD-700-1A10 Global 6000,nagy hatótávolságú business jet,2018,Szíjj László,2022. 08. 03.,2025. 03. 01.,17 milliárd Ft,10600,1,,5300.0
440603,440603,OE-IMB,GLEX,,2023-07-01,11:12:40,14:44:32,211.9,48.117096,16.550835,63.985062,-22.606773,Landed,440603,OE-IMB,Bombardier BD-700-1A10 Global 6000,nagy hatótávolságú business jet,2018,Szíjj László,2022. 08. 03.,2025. 03. 01.,17 milliárd Ft,10600,1,,37435.666666666664
440603,440603,OE-IMB,GLEX,,2023-07-02,11:19:49,18:18:18,418.5,63.985027,-22.623596,26.076981,-80.166021,Landed,440603,OE-IMB,Bombardier BD-700-1A10 Global 6000,nagy hatótávolságú business jet,2018,Szíjj László,2022. 08. 03.,2025. 03. 01.,17 milliárd Ft,10600,1,,73935.0
440603,440603,OE-IMB,GLEX,,2023-07-05,15:20:32,17:50:10,149.6,26.076795,-80.149753,32.901539,-97.026051,Landed,440603,OE-IMB,Bombardier BD-700-1A10 Global 6000,nagy hatótávolságú business jet,2018,Szíjj László,2022. 08. 03.,2025. 03. 01.,17 milliárd Ft,10600,1,,26429.333333333332
440603,440603,OE-IMB,GLEX,,2023-07-07,16:30:27,19:20:07,169.7,32.91124,-97.029932,26.076934,-80.166603,Landed,440603,OE-IMB,Bombardier BD-700-1A10 Global 6000,nagy hatótávolságú business jet,2018,Szíjj László,2022. 08. 03.,2025. 03. 01.,17 milliárd Ft,10600,1,,29980.333333333332
440603,440603,OE-IMB,GLEX,,2023-07-20,15:05:34,21:26:32,381.0,26.076841,-80.143415,36.974627,-25.171215,Landed,440603,OE-IMB,Bombardier BD-700-1A10 Global 6000,nagy hatótávolságú business jet,2018,Szíjj László,2022. 08. 03.,2025. 03. 01.,17 milliárd Ft,10600,1,,67310.0
440603,440603,OE-IMB,GLEX,,2023-07-21,11:48:48,15:09:29,200.7,37.904377,-20.61121,48.118881,16.545513,Landed,440603,OE-IMB,Bombardier BD-700-1A10 Global 6000,nagy hatótávolságú business jet,2018,Szíjj László,2022. 08. 03.,2025. 03. 01.,17 milliárd Ft,10600,1,,35457.0
440603,440603,OE-IMB,GLEX,,2023-07-21,15:42:25,16:07:55,25.5,48.120955,16.539001,47.439745,19.235282,Landed,440603,OE-IMB,Bombardier BD-700-1A10 Global 6000,nagy hatótávolságú business jet,2018,Szíjj László,2022. 08. 03.,2025. 03. 01.,17 milliárd Ft,10600,1,,4505.0
440603,440603,OE-IMB,GLEX,,2023-08-07,09:07:21,09:56:58,5809.6,47.440361,19.234173,47.437363,19.23912,Landed,440603,OE-IMB,Bombardier BD-700-1A10 Global 6000,nagy hatótávolságú business jet,2018,Szíjj László,2022. 08. 03.,2025. 03. 01.,17 milliárd Ft,10600,1,,1026362.6666666666
440603,440603,OE-IMB,GLEX,,2023-08-14,09:57:09,15:29:27,3212.3,47.442456,19.230793,47.439137,19.236237,Landed,440603,OE-IMB,Bombardier BD-700-1A10 Global 6000,nagy hatótávolságú business jet,2018,Szíjj László,2022. 08. 03.,2025. 03. 01.,17 milliárd Ft,10600,1,,567506.3333333334
440603,440603,OE-IMB,GLEX,,2023-08-16,19:41:25,09:43:06,2281.7,47.440967,19.233258,47.440641,19.233856,Landed,440603,OE-IMB,Bombardier BD-700-1A10 Global 6000,nagy hatótávolságú business jet,2018,Szíjj László,2022. 08. 03.,2025. 03. 01.,17 milliárd Ft,10600,1,,403100.3333333333
440603,440603,OE-IMB,GLEX,,2023-08-21,09:05:26,09:56:44,5811.3,47.434542,19.243681,47.439686,19.235361,Landed,440603,OE-IMB,Bombardier BD-700-1A10 Global 6000,nagy hatótávolságú business jet,2018,Szíjj László,2022. 08. 03.,2025. 03. 01.,17 milliárd Ft,10600,1,,1026663.0
440603,440603,OE-IMB,GLEX,,2023-08-30,15:10:09,16:18:04,67.9,47.440567,19.233902,47.471924,8.550004,Landed,440603,OE-IMB,Bombardier BD-700-1A10 Global 6000,nagy hatótávolságú business jet,2018,Szíjj László,2022. 08. 03.,2025. 03. 01.,17 milliárd Ft,10600,1,,11995.666666666668
440603,440603,OE-IMB,GLEX,,2023-08-30,17:23:09,17:57:41,34.5,47.457027,8.563913,47.609093,7.51585,Landed,440603,OE-IMB,Bombardier BD-700-1A10 Global 6000,nagy hatótávolságú business jet,2018,Szíjj László,2022. 08. 03.,2025. 03. 01.,17 milliárd Ft,10600,1,,6094.999999999999
440603,440603,OE-IMB,GLEX,,2023-09-01,06:59:00,07:13:28,14.5,47.613327,7.512863,47.474751,8.546162,Landed,440603,OE-IMB,Bombardier BD-700-1A10 Global 6000,nagy hatótávolságú business jet,2018,Szíjj László,2022. 08. 03.,2025. 03. 01.,17 milliárd Ft,10600,1,,2561.6666666666665
440603,440603,OE-IMB,GLEX,,2023-09-01,09:12:55,10:19:09,66.2,47.457074,8.56335,47.43154,19.28002,Landed,440603,OE-IMB,Bombardier BD-700-1A10 Global 6000,nagy hatótávolságú business jet,2018,Szíjj László,2022. 08. 03.,2025. 03. 01.,17 milliárd Ft,10600,1,,11695.333333333332
440603,440603,OE-IMB,GLEX,,2023-09-13,09:15:12,12:25:20,190.1,47.437454,19.270432,37.013498,-7.959475,Landed,440603,OE-IMB,Bombardier BD-700-1A10 Global 6000,nagy hatótávolságú business jet,2018,Szíjj László,2022. 08. 03.,2025. 03. 01.,17 milliárd Ft,10600,1,,33584.333333333336
440603,440603,OE-IMB,GLEX,,2023-09-16,09:24:17,12:16:04,171.8,37.016338,-7.979537,47.442959,19.230108,Landed,440603,OE-IMB,Bombardier BD-700-1A10 Global 6000,nagy hatótávolságú business jet,2018,Szíjj László,2022. 08. 03.,2025. 03. 01.,17 milliárd Ft,10600,1,,30351.333333333336
440603,440603,OE-IMB,GLEX,,2023-09-20,17:33:17,18:05:35,32.3,47.445236,19.226349,48.120245,16.54129,Landed,440603,OE-IMB,Bombardier BD-700-1A10 Global 6000,nagy hatótávolságú business jet,2018,Szíjj László,2022. 08. 03.,2025. 03. 01.,17 milliárd Ft,10600,1,,5706.333333333333
440603,440603,OE-IMB,GLEX,,2023-10-20,18:53:57,19:16:59,23.0,48.115723,16.57988,47.441929,19.231773,Landed,440603,OE-IMB,Bombardier BD-700-1A10 Global 6000,nagy hatótávolságú business jet,2018,Szíjj László,2022. 08. 03.,2025. 03. 01.,17 milliárd Ft,10600,1,,4063.3333333333335
440603,440603,OE-IMB,GLEX,,2023-10-21,13:04:03,14:20:44,76.7,47.445511,19.225937,45.44469,9.277117,Landed,440603,OE-IMB,Bombardier BD-700-1A10 Global 6000,nagy hatótávolságú business jet,2018,Szíjj László,2022. 08. 03.,2025. 03. 01.,17 milliárd Ft,10600,1,,13550.333333333334
440603,440603,OE-IMB,GLEX,,2023-10-23,09:03:41,09:59:27,55.8,45.443024,9.277235,48.118538,16.546612,Landed,440603,OE-IMB,Bombardier BD-700-1A10 Global 6000,nagy hatótávolságú business jet,2018,Szíjj László,2022. 08. 03.,2025. 03. 01.,17 milliárd Ft,10600,1,,9858.0
440603,440603,OE-IMB,GLEX,,2023-11-15,18:19:12,18:49:59,30.8,48.114764,16.558016,47.437184,19.239402,Landed,440603,OE-IMB,Bombardier BD-700-1A10 Global 6000,nagy hatótávolságú business jet,2018,Szíjj László,2022. 08. 03.,2025. 03. 01.,17 milliárd Ft,10600,1,,5441.333333333333
440603,440603,OE-IMB,GLEX,,2023-11-16,13:06:58,14:11:24,64.4,47.441292,19.232694,48.342087,11.768998,Landed,440603,OE-IMB,Bombardier BD-700-1A10 Global 6000,nagy hatótávolságú business jet,2018,Szíjj László,2022. 08. 03.,2025. 03. 01.,17 milliárd Ft,10600,1,,11377.333333333334
440603,440603,OE-IMB,GLEX,,2023-11-18,12:09:05,13:00:05,51.0,48.34273,11.778067,47.437054,19.239584,Landed,440603,OE-IMB,Bombardier BD-700-1A10 Global 6000,nagy hatótávolságú business jet,2018,Szíjj László,2022. 08. 03.,2025. 03. 01.,17 milliárd Ft,10600,1,,9010.0
440603,440603,OE-IMB,GLEX,,2023-11-24,13:35:15,16:14:38,159.4,47.433472,19.245371,53.330476,-2.313753,Landed,440603,OE-IMB,Bombardier BD-700-1A10 Global 6000,nagy hatótávolságú business jet,2018,Szíjj László,2022. 08. 03.,2025. 03. 01.,17 milliárd Ft,10600,1,,28160.666666666668
440603,440603,OE-IMB,GLEX,,2023-11-25,16:09:27,18:12:29,123.0,53.358687,-2.264718,47.436058,19.241232,Landed,440603,OE-IMB,Bombardier BD-700-1A10 Global 6000,nagy hatótávolságú business jet,2018,Szíjj László,2022. 08. 03.,2025. 03. 01.,17 milliárd Ft,10600,1,,21729.999999999996
440603,440603,OE-IMB,GLEX,,2023-12-08,10:53:19,11:36:22,2923.0,47.43457,19.243584,47.437545,19.238821,Landed,440603,OE-IMB,Bombardier BD-700-1A10 Global 6000,nagy hatótávolságú business jet,2018,Szíjj László,2022. 08. 03.,2025. 03. 01.,17 milliárd Ft,10600,1,,516396.6666666667
440603,440603,OE-IMB,GLEX,,2023-12-15,08:13:37,08:49:02,35.4,47.441711,19.232048,50.077674,19.784465,Landed,440603,OE-IMB,Bombardier BD-700-1A10 Global 6000,nagy hatótávolságú business jet,2018,Szíjj László,2022. 08. 03.,2025. 03. 01.,17 milliárd Ft,10600,1,,6254.0
440603,440603,OE-IMB,GLEX,,2023-12-15,13:41:02,14:14:57,33.9,50.079254,19.795701,47.433053,19.246005,Landed,440603,OE-IMB,Bombardier BD-700-1A10 Global 6000,nagy hatótávolságú business jet,2018,Szíjj László,2022. 08. 03.,2025. 03. 01.,17 milliárd Ft,10600,1,,5988.999999999999
440603,440603,OE-IMB,GLEX,,2023-12-15,14:50:45,15:25:10,34.4,47.445694,19.225662,50.077569,19.783686,Landed,440603,OE-IMB,Bombardier BD-700-1A10 Global 6000,nagy hatótávolságú business jet,2018,Szíjj László,2022. 08. 03.,2025. 03. 01.,17 milliárd Ft,10600,1,,6077.333333333334
440603,440603,OE-IMB,GLEX,,2023-12-15,16:03:14,16:36:58,33.7,50.079222,19.79573,47.429096,19.252343,Landed,440603,OE-IMB,Bombardier BD-700-1A10 Global 6000,nagy hatótávolságú business jet,2018,Szíjj László,2022. 08. 03.,2025. 03. 01.,17 milliárd Ft,10600,1,,5953.666666666668
440603,440603,OE-IMB,GLEX,,2024-01-03,09:56:08,20:38:08,642.0,47.435257,19.242485,26.076934,-80.165916,Landed,440603,OE-IMB,Bombardier BD-700-1A10 Global 6000,nagy hatótávolságú business jet,2018,Szíjj László,2022. 08. 03.,2025. 03. 01.,17 milliárd Ft,10600,1,,113419.99999999999
440603,440603,OE-IMB,GLEX,,2024-01-25,15:58:04,11:02:04,1144.0,26.076691,-80.139822,37.741322,-25.700659,Landed,440603,OE-IMB,Bombardier BD-700-1A10 Global 6000,nagy hatótávolságú business jet,2018,Szíjj László,2022. 08. 03.,2025. 03. 01.,17 milliárd Ft,10600,1,,202106.66666666666
440603,440603,OE-IMB,GLEX,,2024-01-26,12:15:08,15:45:49,210.7,37.742981,-25.700762,48.14146,14.543049,Landed,440603,OE-IMB,Bombardier BD-700-1A10 Global 6000,nagy hatótávolságú business jet,2018,Szíjj László,2022. 08. 03.,2025. 03. 01.,17 milliárd Ft,10600,1,,37223.666666666664
440603,440603,OE-IMB,GLEX,,2024-01-26,15:46:04,16:21:50,35.8,48.143114,14.597309,47.43718,19.239292,Landed,440603,OE-IMB,Bombardier BD-700-1A10 Global 6000,nagy hatótávolságú business jet,2018,Szíjj László,2022. 08. 03.,2025. 03. 01.,17 milliárd Ft,10600,1,,6324.666666666666
440603,440603,OE-IMB,GLEX,,2024-02-13,11:48:27,13:00:04,71.6,47.440548,19.233962,47.472771,8.548822,Landed,440603,OE-IMB,Bombardier BD-700-1A10 Global 6000,nagy hatótávolságú business jet,2018,Szíjj László,2022. 08. 03.,2025. 03. 01.,17 milliárd Ft,10600,1,,12649.333333333332
440603,440603,OE-IMB,GLEX,,2024-02-15,10:16:09,11:20:53,64.7,47.457074,8.563491,47.444126,19.22822,Landed,440603,OE-IMB,Bombardier BD-700-1A10 Global 6000,nagy hatótávolságú business jet,2018,Szíjj László,2022. 08. 03.,2025. 03. 01.,17 milliárd Ft,10600,1,,11430.333333333334
440603,440603,OE-IMB,GLEX,,2024-02-16,12:54:04,17:38:31,284.4,47.445282,19.226418,25.322974,55.531743,Landed,440603,OE-IMB,Bombardier BD-700-1A10 Global 6000,nagy hatótávolságú business jet,2018,Szíjj László,2022. 08. 03.,2025. 03. 01.,17 milliárd Ft,10600,1,,50243.99999999999
440603,440603,OE-IMB,GLEX,,2024-02-17,06:48:06,12:15:42,11847.6,25.330261,55.519104,47.443039,19.229954,Landed,440603,OE-IMB,Bombardier BD-700-1A10 Global 6000,nagy hatótávolságú business jet,2018,Szíjj László,2022. 08. 03.,2025. 03. 01.,17 milliárd Ft,10600,1,,2093076.0
440603,440603,OE-IMB,GLEX,,2024-02-25,14:05:53,16:07:18,121.4,47.442856,19.230194,51.330814,0.032402,Landed,440603,OE-IMB,Bombardier BD-700-1A10 Global 6000,nagy hatótávolságú business jet,2018,Szíjj László,2022. 08. 03.,2025. 03. 01.,17 milliárd Ft,10600,1,,21447.333333333336
440603,440603,OE-IMB,GLEX,,2024-02-28,08:43:01,10:45:44,5882.7,51.322952,0.035334,51.322958,0.035381,Landed,440603,OE-IMB,Bombardier BD-700-1A10 Global 6000,nagy hatótávolságú business jet,2018,Szíjj László,2022. 08. 03.,2025. 03. 01.,17 milliárd Ft,10600,1,,1039277.0
440603,440603,OE-IMB,GLEX,,2024-03-25,17:23:50,11:52:08,1108.3,51.322952,0.035409,51.322958,0.035381,Landed,440603,OE-IMB,Bombardier BD-700-1A10 Global 6000,nagy hatótávolságú business jet,2018,Szíjj László,2022. 08. 03.,2025. 03. 01.,17 milliárd Ft,10600,1,,195799.6666666667
440603,440603,OE-IMB,GLEX,,2024-03-31,13:45:15,15:55:10,129.9,51.322952,0.035334,51.322964,0.03539,Landed,440603,OE-IMB,Bombardier BD-700-1A10 Global 6000,nagy hatótávolságú business jet,2018,Szíjj László,2022. 08. 03.,2025. 03. 01.,17 milliárd Ft,10600,1,,22949.0
440603,440603,OE-IMB,GLEX,,2024-04-07,08:40:14,15:10:00,389.8,51.334968,0.035553,42.349457,-71.012566,Landed,440603,OE-IMB,Bombardier BD-700-1A10 Global 6000,nagy hatótávolságú business jet,2018,Szíjj László,2022. 08. 03.,2025. 03. 01.,17 milliárd Ft,10600,1,,68864.66666666667
440603,440603,OE-IMB,GLEX,,2024-04-07,16:23:13,19:04:57,161.7,42.359528,-70.991592,26.076965,-80.16677,Landed,440603,OE-IMB,Bombardier BD-700-1A10 Global 6000,nagy hatótávolságú business jet,2018,Szíjj László,2022. 08. 03.,2025. 03. 01.,17 milliárd Ft,10600,1,,28567.0
440603,440603,OE-IMB,GLEX,,2024-04-07,20:35:30,23:19:10,163.7,26.076841,-80.149965,32.88968,-97.009824,Landed,440603,OE-IMB,Bombardier BD-700-1A10 Global 6000,nagy hatótávolságú business jet,2018,Szíjj László,2022. 08. 03.,2025. 03. 01.,17 milliárd Ft,10600,1,,28920.333333333332
440603,440603,OE-IMB,GLEX,,2024-04-09,17:02:28,19:37:51,155.4,32.884872,-97.026141,26.077011,-80.16962,Landed,440603,OE-IMB,Bombardier BD-700-1A10 Global 6000,nagy hatótávolságú business jet,2018,Szíjj László,2022. 08. 03.,2025. 03. 01.,17 milliárd Ft,10600,1,,27454.000000000004
440603,440603,OE-IMB,GLEX,,2024-04-12,14:18:43,19:55:07,336.4,26.077148,-80.162365,37.737808,-25.68434,Landed,440603,OE-IMB,Bombardier BD-700-1A10 Global 6000,nagy hatótávolságú business jet,2018,Szíjj László,2022. 08. 03.,2025. 03. 01.,17 milliárd Ft,10600,1,,59430.666666666664
440603,440603,OE-IMB,GLEX,,2024-04-12,19:55:13,19:55:43,0.5,37.738361,-25.686155,37.743916,-25.703829,Landed,440603,OE-IMB,Bombardier BD-700-1A10 Global 6000,nagy hatótávolságú business jet,2018,Szíjj László,2022. 08. 03.,2025. 03. 01.,17 milliárd Ft,10600,1,,88.33333333333333
440603,440603,OE-IMB,GLEX,,2024-04-13,10:46:27,14:50:27,244.0,37.833389,-25.351595,47.436344,19.240751,Landed,440603,OE-IMB,Bombardier BD-700-1A10 Global 6000,nagy hatótávolságú business jet,2018,Szíjj László,2022. 08. 03.,2025. 03. 01.,17 milliárd Ft,10600,1,,43106.666666666664
440603,440603,OE-IMB,GLEX,,2024-05-10,13:50:03,14:39:20,49.3,47.442642,19.230581,45.706663,25.52397,Landed,440603,OE-IMB,Bombardier BD-700-1A10 Global 6000,nagy hatótávolságú business jet,2018,Szíjj László,2022. 08. 03.,2025. 03. 01.,17 milliárd Ft,10600,1,,8709.666666666666
440603,440603,OE-IMB,GLEX,,2024-05-12,08:13:01,09:07:43,54.7,45.699494,25.516434,47.441211,19.232923,Landed,440603,OE-IMB,Bombardier BD-700-1A10 Global 6000,nagy hatótávolságú business jet,2018,Szíjj László,2022. 08. 03.,2025. 03. 01.,17 milliárd Ft,10600,1,,9663.666666666668
440603,440603,OE-IMB,GLEX,,2024-05-14,08:54:01,09:29:58,36.0,47.445343,19.226285,44.817725,20.306318,Landed,440603,OE-IMB,Bombardier BD-700-1A10 Global 6000,nagy hatótávolságú business jet,2018,Szíjj László,2022. 08. 03.,2025. 03. 01.,17 milliárd Ft,10600,1,,6360.0
440603,440603,OE-IMB,GLEX,,2024-06-04,11:13:27,12:10:57,57.5,44.815001,20.312381,48.098214,16.587296,Landed,440603,OE-IMB,Bombardier BD-700-1A10 Global 6000,nagy hatótávolságú business jet,2018,Szíjj László,2022. 08. 03.,2025. 03. 01.,17 milliárd Ft,10600,1,,10158.333333333334
440603,440603,OE-IMB,GLEX,,2024-06-07,12:38:32,14:38:12,119.7,48.128962,16.538438,48.128872,16.538492,Landed,440603,OE-IMB,Bombardier BD-700-1A10 Global 6000,nagy hatótávolságú business jet,2018,Szíjj László,2022. 08. 03.,2025. 03. 01.,17 milliárd Ft,10600,1,,21147.0
440603,440603,OE-IMB,GLEX,,2024-06-09,14:04:24,14:36:31,32.1,48.11104,16.569566,47.43861,19.237095,Landed,440603,OE-IMB,Bombardier BD-700-1A10 Global 6000,nagy hatótávolságú business jet,2018,Szíjj László,2022. 08. 03.,2025. 03. 01.,17 milliárd Ft,10600,1,,5671.0
440603,440603,OE-IMB,GLEX,,2024-06-10,06:09:01,08:17:42,128.7,47.433334,19.245644,44.826015,-0.719114,Landed,440603,OE-IMB,Bombardier BD-700-1A10 Global 6000,nagy hatótávolságú business jet,2018,Szíjj László,2022. 08. 03.,2025. 03. 01.,17 milliárd Ft,10600,1,,22737.0
440603,440603,OE-IMB,GLEX,,2024-06-12,13:31:38,15:22:12,110.6,44.829895,-0.713588,47.436823,19.240036,Landed,440603,OE-IMB,Bombardier BD-700-1A10 Global 6000,nagy hatótávolságú business jet,2018,Szíjj László,2022. 08. 03.,2025. 03. 01.,17 milliárd Ft,10600,1,,19539.333333333332
440603,440603,OE-IMB,GLEX,,2024-06-13,08:38:34,09:28:58,50.4,47.433891,19.244737,45.706128,25.52342,Landed,440603,OE-IMB,Bombardier BD-700-1A10 Global 6000,nagy hatótávolságú business jet,2018,Szíjj László,2022. 08. 03.,2025. 03. 01.,17 milliárd Ft,10600,1,,8904.0
440603,440603,OE-IMB,GLEX,,2024-06-16,08:20:05,09:07:35,47.5,45.699692,25.516618,47.438175,19.237782,Landed,440603,OE-IMB,Bombardier BD-700-1A10 Global 6000,nagy hatótávolságú business jet,2018,Szíjj László,2022. 08. 03.,2025. 03. 01.,17 milliárd Ft,10600,1,,8391.666666666666
440603,440603,OE-IMB,GLEX,,2024-07-01,12:06:16,23:13:24,667.1,47.433704,19.245019,26.076934,-80.164014,Landed,440603,OE-IMB,Bombardier BD-700-1A10 Global 6000,nagy hatótávolságú business jet,2018,Szíjj László,2022. 08. 03.,2025. 03. 01.,17 milliárd Ft,10600,1,,117854.33333333334
440603,440603,OE-IMB,GLEX,,2024-07-06,13:53:29,18:15:55,262.4,26.076782,-80.146974,36.087155,-115.160152,Landed,440603,OE-IMB,Bombardier BD-700-1A10 Global 6000,nagy hatótávolságú business jet,2018,Szíjj László,2022. 08. 03.,2025. 03. 01.,17 milliárd Ft,10600,1,,46357.33333333333
440603,440603,OE-IMB,GLEX,,2024-07-06,19:31:19,21:20:56,109.6,36.076402,-115.165178,45.586558,-122.5746,Landed,440603,OE-IMB,Bombardier BD-700-1A10 Global 6000,nagy hatótávolságú business jet,2018,Szíjj László,2022. 08. 03.,2025. 03. 01.,17 milliárd Ft,10600,1,,19362.666666666668
440603,440603,OE-IMB,GLEX,,2024-07-07,19:06:29,20:46:21,99.9,45.590881,-122.585784,36.092743,-115.160422,Landed,440603,OE-IMB,Bombardier BD-700-1A10 Global 6000,nagy hatótávolságú business jet,2018,Szíjj László,2022. 08. 03.,2025. 03. 01.,17 milliárd Ft,10600,1,,17649.0
440603,440603,OE-IMB,GLEX,,2024-07-09,17:01:58,19:09:51,127.9,36.076355,-115.165587,32.818571,-97.360588,Landed,440603,OE-IMB,Bombardier BD-700-1A10 Global 6000,nagy hatótávolságú business jet,2018,Szíjj László,2022. 08. 03.,2025. 03. 01.,17 milliárd Ft,10600,1,,22595.666666666668
440603,440603,OE-IMB,GLEX,,2024-07-10,16:53:31,19:18:02,144.5,32.825147,-97.361625,26.077011,-80.168532,Landed,440603,OE-IMB,Bombardier BD-700-1A10 Global 6000,nagy hatótávolságú business jet,2018,Szíjj László,2022. 08. 03.,2025. 03. 01.,17 milliárd Ft,10600,1,,25528.333333333332
440603,440603,OE-IMB,GLEX,,2024-07-23,15:45:21,16:18:43,1473.4,26.076841,-80.143309,47.437065,19.239567,Landed,440603,OE-IMB,Bombardier BD-700-1A10 Global 6000,nagy hatótávolságú business jet,2018,Szíjj László,2022. 08. 03.,2025. 03. 01.,17 milliárd Ft,10600,1,,260300.6666666667
440603,440603,OE-IMB,GLEX,,2024-07-26,21:19:12,08:04:14,645.0,47.434496,19.243821,26.065887,-80.162572,Landed,440603,OE-IMB,Bombardier BD-700-1A10 Global 6000,nagy hatótávolságú business jet,2018,Szíjj László,2022. 08. 03.,2025. 03. 01.,17 milliárd Ft,10600,1,,113950.0
440603,440603,OE-IMB,GLEX,,2024-08-06,01:04:17,10:29:36,565.3,26.077057,-80.163972,47.442514,19.23081,Landed,440603,OE-IMB,Bombardier BD-700-1A10 Global 6000,nagy hatótávolságú business jet,2018,Szíjj László,2022. 08. 03.,2025. 03. 01.,17 milliárd Ft,10600,1,,99869.66666666666
440603,440603,OE-IMB,GLEX,,2024-08-08,07:20:21,09:40:08,139.8,47.432693,19.278122,47.431881,19.279444,Landed,440603,OE-IMB,Bombardier BD-700-1A10 Global 6000,nagy hatótávolságú business jet,2018,Szíjj László,2022. 08. 03.,2025. 03. 01.,17 milliárd Ft,10600,1,,24698.0
440603,440603,OE-IMB,GLEX,,2024-08-08,10:25:46,12:00:06,94.3,47.433565,19.2453,40.894913,9.510437,Landed,440603,OE-IMB,Bombardier BD-700-1A10 Global 6000,nagy hatótávolságú business jet,2018,Szíjj László,2022. 08. 03.,2025. 03. 01.,17 milliárd Ft,10600,1,,16659.666666666664
440603,440603,OE-IMB,GLEX,,2024-08-08,12:37:58,09:51:47,4153.8,40.896839,9.514035,47.430679,19.281384,Landed,440603,OE-IMB,Bombardier BD-700-1A10 Global 6000,nagy hatótávolságú business jet,2018,Szíjj László,2022. 08. 03.,2025. 03. 01.,17 milliárd Ft,10600,1,,733838.0
440603,440603,OE-IMB,GLEX,,2024-08-13,09:03:12,10:37:43,94.5,47.437522,19.270372,40.898608,9.517515,Landed,440603,OE-IMB,Bombardier BD-700-1A10 Global 6000,nagy hatótávolságú business jet,2018,Szíjj László,2022. 08. 03.,2025. 03. 01.,17 milliárd Ft,10600,1,,16695.0
440603,440603,OE-IMB,GLEX,,2024-08-13,12:09:42,13:31:41,82.0,40.895396,9.511414,47.438069,19.269509,Landed,440603,OE-IMB,Bombardier BD-700-1A10 Global 6000,nagy hatótávolságú business jet,2018,Szíjj László,2022. 08. 03.,2025. 03. 01.,17 milliárd Ft,10600,1,,14486.666666666668
440603,440603,OE-IMB,GLEX,,2024-08-17,06:12:47,11:11:04,298.3,47.437615,19.27016,47.429867,19.282671,Landed,440603,OE-IMB,Bombardier BD-700-1A10 Global 6000,nagy hatótávolságú business jet,2018,Szíjj László,2022. 08. 03.,2025. 03. 01.,17 milliárd Ft,10600,1,,52699.666666666664
440603,440603,OE-IMB,GLEX,,2024-08-26,09:21:25,10:57:42,96.3,47.434077,19.244455,40.89624,9.513,Landed,440603,OE-IMB,Bombardier BD-700-1A10 Global 6000,nagy hatótávolságú business jet,2018,Szíjj László,2022. 08. 03.,2025. 03. 01.,17 milliárd Ft,10600,1,,17013.0
440603,440603,OE-IMB,GLEX,,2024-08-30,13:24:41,14:55:26,90.8,40.903336,9.526306,47.440303,19.234384,Landed,440603,OE-IMB,Bombardier BD-700-1A10 Global 6000,nagy hatótávolságú business jet,2018,Szíjj László,2022. 08. 03.,2025. 03. 01.,17 milliárd Ft,10600,1,,16041.333333333332
440603,440603,OE-IMB,GLEX,,2024-09-10,09:53:09,11:01:50,68.7,47.433517,19.245369,47.45763,8.555534,Landed,440603,OE-IMB,Bombardier BD-700-1A10 Global 6000,nagy hatótávolságú business jet,2018,Szíjj László,2022. 08. 03.,2025. 03. 01.,17 milliárd Ft,10600,1,,12137.0
440603,440603,OE-IMB,GLEX,,2024-09-12,09:48:50,10:55:41,66.9,47.457027,8.564124,47.435683,19.241814,Landed,440603,OE-IMB,Bombardier BD-700-1A10 Global 6000,nagy hatótávolságú business jet,2018,Szíjj László,2022. 08. 03.,2025. 03. 01.,17 milliárd Ft,10600,1,,11819.0
440603,440603,OE-IMB,GLEX,,2024-09-18,06:07:27,07:01:46,54.3,47.44497,19.226778,42.696072,23.423538,Landed,440603,OE-IMB,Bombardier BD-700-1A10 Global 6000,nagy hatótávolságú business jet,2018,Szíjj László,2022. 08. 03.,2025. 03. 01.,17 milliárd Ft,10600,1,,9593.0
440603,440603,OE-IMB,GLEX,,2024-09-18,13:07:00,14:05:53,58.9,42.696316,23.419786,47.440258,19.234451,Landed,440603,OE-IMB,Bombardier BD-700-1A10 Global 6000,nagy hatótávolságú business jet,2018,Szíjj László,2022. 08. 03.,2025. 03. 01.,17 milliárd Ft,10600,1,,10405.666666666666
440603,440603,OE-IMB,GLEX,,2024-10-02,09:04:42,09:44:37,39.9,47.434277,19.2424,50.077583,19.783703,Landed,440603,OE-IMB,Bombardier BD-700-1A10 Global 6000,nagy hatótávolságú business jet,2018,Szíjj László,2022. 08. 03.,2025. 03. 01.,17 milliárd Ft,10600,1,,7048.999999999999
440603,440603,OE-IMB,GLEX,,2024-10-02,13:04:21,13:39:17,34.9,50.076324,19.774812,47.444298,19.227928,Landed,440603,OE-IMB,Bombardier BD-700-1A10 Global 6000,nagy hatótávolságú business jet,2018,Szíjj László,2022. 08. 03.,2025. 03. 01.,17 milliárd Ft,10600,1,,6165.666666666667
440603,440603,OE-IMB,GLEX,,2024-10-17,14:08:24,17:54:44,226.3,47.445511,19.226006,63.985039,-22.612346,Landed,440603,OE-IMB,Bombardier BD-700-1A10 Global 6000,nagy hatótávolságú business jet,2018,Szíjj László,2022. 08. 03.,2025. 03. 01.,17 milliárd Ft,10600,1,,39979.66666666667
440603,440603,OE-IMB,GLEX,,2024-10-18,11:01:14,15:56:53,295.7,63.968464,-22.605495,40.831146,-74.09314,Landed,440603,OE-IMB,Bombardier BD-700-1A10 Global 6000,nagy hatótávolságú business jet,2018,Szíjj László,2022. 08. 03.,2025. 03. 01.,17 milliárd Ft,10600,1,,52240.33333333333
440603,440603,OE-IMB,GLEX,,2024-10-20,14:33:49,17:35:12,181.4,40.84214,-74.07694,32.821457,-97.361022,Landed,440603,OE-IMB,Bombardier BD-700-1A10 Global 6000,nagy hatótávolságú business jet,2018,Szíjj László,2022. 08. 03.,2025. 03. 01.,17 milliárd Ft,10600,1,,32047.333333333336
440603,440603,OE-IMB,GLEX,,2024-10-22,15:42:39,17:59:29,136.8,32.825519,-97.361681,26.076965,-80.163298,Landed,440603,OE-IMB,Bombardier BD-700-1A10 Global 6000,nagy hatótávolságú business jet,2018,Szíjj László,2022. 08. 03.,2025. 03. 01.,17 milliárd Ft,10600,1,,24168.000000000004
440603,440603,OE-IMB,GLEX,,2024-11-01,15:20:56,21:38:34,377.6,26.076795,-80.143626,63.973663,-22.602759,Landed,440603,OE-IMB,Bombardier BD-700-1A10 Global 6000,nagy hatótávolságú business jet,2018,Szíjj László,2022. 08. 03.,2025. 03. 01.,17 milliárd Ft,10600,1,,66709.33333333334
440603,440603,OE-IMB,GLEX,,2024-11-02,10:57:55,14:14:37,196.7,63.969711,-22.605469,47.437498,19.238786,Landed,440603,OE-IMB,Bombardier BD-700-1A10 Global 6000,nagy hatótávolságú business jet,2018,Szíjj László,2022. 08. 03.,2025. 03. 01.,17 milliárd Ft,10600,1,,34750.333333333336
440603,440603,OE-IMB,GLEX,,2024-11-07,06:50:10,08:00:18,70.1,47.431366,19.280457,47.470911,8.551378,Landed,440603,OE-IMB,Bombardier BD-700-1A10 Global 6000,nagy hatótávolságú business jet,2018,Szíjj László,2022. 08. 03.,2025. 03. 01.,17 milliárd Ft,10600,1,,12384.333333333332
440603,440603,OE-IMB,GLEX,,2024-11-08,10:23:48,11:33:26,69.6,47.45712,8.562927,47.443726,19.260338,Landed,440603,OE-IMB,Bombardier BD-700-1A10 Global 6000,nagy hatótávolságú business jet,2018,Szíjj László,2022. 08. 03.,2025. 03. 01.,17 milliárd Ft,10600,1,,12296.0
440603,440603,OE-IMB,GLEX,,2024-11-08,14:14:44,15:01:45,47.0,47.432448,19.278471,50.10569,14.23904,Landed,440603,OE-IMB,Bombardier BD-700-1A10 Global 6000,nagy hatótávolságú business jet,2018,Szíjj László,2022. 08. 03.,2025. 03. 01.,17 milliárd Ft,10600,1,,8303.333333333334
440603,440603,OE-IMB,GLEX,,2024-11-10,10:33:48,11:22:18,48.5,50.114136,14.267306,47.446518,19.224289,Landed,440603,OE-IMB,Bombardier BD-700-1A10 Global 6000,nagy hatótávolságú business jet,2018,Szíjj László,2022. 08. 03.,2025. 03. 01.,17 milliárd Ft,10600,1,,8568.333333333334
440603,440603,OE-IMB,GLEX,,2024-11-28,10:51:20,11:15:09,23.8,47.442719,19.230469,47.627346,17.807705,Landed,440603,OE-IMB,Bombardier BD-700-1A10 Global 6000,nagy hatótávolságú business jet,2018,Szíjj László,2022. 08. 03.,2025. 03. 01.,17 milliárd Ft,10600,1,,4204.666666666667
440603,440603,OE-IMB,GLEX,,2024-11-28,11:57:04,12:49:55,52.9,47.631645,17.796302,48.34337,11.785999,Landed,440603,OE-IMB,Bombardier BD-700-1A10 Global 6000,nagy hatótávolságú business jet,2018,Szíjj László,2022. 08. 03.,2025. 03. 01.,17 milliárd Ft,10600,1,,9345.666666666666
440603,440603,OE-IMB,GLEX,,2024-11-30,10:12:49,11:12:09,59.3,48.341287,11.758768,47.43282,19.246427,Landed,440603,OE-IMB,Bombardier BD-700-1A10 Global 6000,nagy hatótávolságú business jet,2018,Szíjj László,2022. 08. 03.,2025. 03. 01.,17 milliárd Ft,10600,1,,10476.333333333332
440603,440603,OE-IMB,GLEX,,2024-12-06,23:38:02,00:32:52,54.8,47.433099,19.246005,48.112215,16.565886,Landed,440603,OE-IMB,Bombardier BD-700-1A10 Global 6000,nagy hatótávolságú business jet,2018,Szíjj László,2022. 08. 03.,2025. 03. 01.,17 milliárd Ft,10600,1,,9681.333333333334
440603,440603,OE-IMB,GLEX,,2024-12-20,10:30:15,11:02:26,32.2,48.114349,16.559349,47.436381,19.24067,Landed,440603,OE-IMB,Bombardier BD-700-1A10 Global 6000,nagy hatótávolságú business jet,2018,Szíjj László,2022. 08. 03.,2025. 03. 01.,17 milliárd Ft,10600,1,,5688.666666666667
440603,440603,OE-IMB,GLEX,,2024-12-20,13:08:29,14:07:24,58.9,47.433472,19.245441,45.707838,25.525257,Landed,440603,OE-IMB,Bombardier BD-700-1A10 Global 6000,nagy hatótávolságú business jet,2018,Szíjj László,2022. 08. 03.,2025. 03. 01.,17 milliárd Ft,10600,1,,10405.666666666666
440603,440603,OE-IMB,GLEX,,2024-12-21,10:11:57,11:03:16,51.3,45.699494,25.516434,47.436905,19.239876,Landed,440603,OE-IMB,Bombardier BD-700-1A10 Global 6000,nagy hatótávolságú business jet,2018,Szíjj László,2022. 08. 03.,2025. 03. 01.,17 milliárd Ft,10600,1,,9063.0
440603,440603,OE-IMB,GLEX,,2025-01-05,09:49:59,17:58:44,6248.8,47.445145,19.226624,25.91423,-80.256371,Landed,440603,OE-IMB,Bombardier BD-700-1A10 Global 6000,nagy hatótávolságú business jet,2018,Szíjj László,2022. 08. 03.,2025. 03. 01.,17 milliárd Ft,10600,1,,1103954.6666666667
440603,440603,OE-IMB,GLEX,,2025-02-05,21:58:42,22:09:20,10.6,25.913582,-80.273402,26.065979,-80.168584,Landed,440603,OE-IMB,Bombardier BD-700-1A10 Global 6000,nagy hatótávolságú business jet,2018,Szíjj László,2022. 08. 03.,2025. 03. 01.,17 milliárd Ft,10600,1,,1872.6666666666667
440603,440603,OE-IMB,GLEX,,2025-02-06,15:46:09,21:19:26,333.3,26.076736,-80.145005,37.735756,-25.677736,Landed,440603,OE-IMB,Bombardier BD-700-1A10 Global 6000,nagy hatótávolságú business jet,2018,Szíjj László,2022. 08. 03.,2025. 03. 01.,17 milliárd Ft,10600,1,,58883.00000000001
440603,440603,OE-IMB,GLEX,,2025-02-07,11:19:20,15:36:03,256.7,37.897525,-25.696544,47.452652,19.214401,Landed,440603,OE-IMB,Bombardier BD-700-1A10 Global 6000,nagy hatótávolságú business jet,2018,Szíjj László,2022. 08. 03.,2025. 03. 01.,17 milliárd Ft,10600,1,,45350.333333333336
440603,440603,OE-IMB,GLEX,,2025-02-14,10:41:52,15:39:30,297.6,47.433844,19.244807,23.608781,58.292213,Landed,440603,OE-IMB,Bombardier BD-700-1A10 Global 6000,nagy hatótávolságú business jet,2018,Szíjj László,2022. 08. 03.,2025. 03. 01.,17 milliárd Ft,10600,1,,52576.0
440603,440603,OE-IMB,GLEX,,2025-02-15,06:35:03,06:20:57,10065.9,23.593506,58.28893,4.196869,73.527771,Landed,440603,OE-IMB,Bombardier BD-700-1A10 Global 6000,nagy hatótávolságú business jet,2018,Szíjj László,2022. 08. 03.,2025. 03. 01.,17 milliárd Ft,10600,1,,1778308.9999999998
440603,440603,OE-IMB,GLEX,,2025-02-22,06:39:14,10:31:49,232.6,4.192541,73.531021,24.424622,54.463398,Landed,440603,OE-IMB,Bombardier BD-700-1A10 Global 6000,nagy hatótávolságú business jet,2018,Szíjj László,2022. 08. 03.,2025. 03. 01.,17 milliárd Ft,10600,1,,41092.666666666664
440603,440603,OE-IMB,GLEX,,2025-02-23,07:13:19,12:39:31,326.2,24.36525,54.554596,47.4478,19.222298,Landed,440603,OE-IMB,Bombardier BD-700-1A10 Global 6000,nagy hatótávolságú business jet,2018,Szíjj László,2022. 08. 03.,2025. 03. 01.,17 milliárd Ft,10600,1,,57628.666666666664
440603,440603,OE-IMB,GLEX,,2025-03-01,14:18:26,16:13:19,114.9,47.433517,19.245369,51.339391,0.03891,Landed,440603,OE-IMB,Bombardier BD-700-1A10 Global 6000,nagy hatótávolságú business jet,2018,Szíjj László,2022. 08. 03.,2025. 03. 01.,17 milliárd Ft,10600,1,,20299.0
440603,440603,OE-IMB,GLEX,,2025-03-28,17:08:55,17:11:54,3.0,51.323796,0.035858,51.323811,0.035873,Landed,440603,OE-IMB,Bombardier BD-700-1A10 Global 6000,nagy hatótávolságú business jet,2018,Szíjj László,2022. 08. 03.,2025. 03. 01.,17 milliárd Ft,10600,1,,530.0
440603,440603,OE-IMB,GLEX,,2025-04-24,11:26:44,12:29:13,62.5,51.327393,0.029693,51.332256,0.03346,Landed,440603,OE-IMB,Bombardier BD-700-1A10 Global 6000,nagy hatótávolságú business jet,2018,Szíjj László,2022. 08. 03.,2025. 03. 01.,17 milliárd Ft,10600,1,,11041.666666666668
440603,440603,OE-IMB,GLEX,,2025-05-05,10:55:53,11:26:38,30.7,51.327427,0.029755,51.3284,0.030454,Landed,440603,OE-IMB,Bombardier BD-700-1A10 Global 6000,nagy hatótávolságú business jet,2018,Szíjj László,2022. 08. 03.,2025. 03. 01.,17 milliárd Ft,10600,1,,5423.666666666666
